ID;StartDate;EndDate;Status;Progress;Duration (in seconds);Finished;LocationLongitude;Country;DistributionChannel;UserLanguage;consent;Q36;Q6;;;Q7;Q8;Identification_Journ;Identification_strong;Identification_weak;Neutrality_norm1;Neutrality_norm2;Neutrality_norm3;Neutrality_norm_average;Accountability_norm1;Accountability_norm2;Accountability_norm3;Accountability_norm_Average;PublicService_norm1;PublicService_norm2;PublicService_norm3;PublicService_norm_Average;Advocacy_norm1;Advocacy_norm2;Advocacy_norm3;Advocacy_norm_Average;age;gender;political orientat_1;political orientat_2;Political_orientation;education;family_ses;personal ses;Comments;completion code ;SelectedVictims;SelectedStrongCount;SelectedWeakCount;FL_neutral3_DO_Neutralcondition;Strong_condition;Weak_condition;
48;11/01/2026 22:37;11/01/2026 22:45;0;100;448;1;-122,9047;USA;anonymous;EN;1;67195ce0322d3935df36e8be;3;neutral;3neutral;1;1;90;25;25;80;90;40;70;100;100;100;100;100;70;100;90;35;40;25;33,33333333;41;1;2;2;2;7;14;5;;;2,5,12,13,19,27,39,40,43,44;2;8;neutral;0;0;neutral
78;11/01/2026 22:40;11/01/2026 22:47;0;100;459;1;-122,8293;USA;anonymous;EN;1;696045a3e464213c52ceb0bd;3;neutral;3neutral;1;1;80;50;45;80;90;100;90;100;100;100;100;100;95;90;95;70;50;50;56,66666667;37;1;3;4;3,5;2;9;3;;C1BX5VF9;8,10,12,18,24,25,30,40,44,47;2;8;neutral;0;0;neutral
295;12/01/2026 01:25;12/01/2026 01:34;0;100;576;1;-122,7052;USA;anonymous;EN;1;672adb2909ca72744f212a7d;3;neutral;3neutral;1;1;68;26;25;88;90;60;79,33333333;88;83;88;86,33333333;91;87;92;90;27;40;20;29;56;1;6;6;6;6;9;4;;C1BX5VF9;3,7,31,39,41,42,43,44,48,50;3;7;neutral;0;0;neutral
270;11/01/2026 23:41;11/01/2026 23:48;0;100;399;1;-122,6795;USA;anonymous;EN;1;68b2083b4730246dc6281533;2;weak;2weak;1;1;80;50;60;100;95;85;93,33333333;100;100;100;100;90;100;100;96,66666667;10;0;0;3,333333333;48;1;3;2;2,5;9;10;3;n/a;C1BX5VF9;2,7,16,19,25,28,36,42,47,50;3;7;;0;1;weak
141;11/01/2026 22:49;11/01/2026 22:58;0;100;505;1;-122,609;USA;anonymous;EN;1;66295cf0dbecaeeb1cddb852;1;strong;1strong;1;1;91;20;20;80;80;50;70;100;100;100;100;100;100;100;100;5;2;3;3,333333333;52;2;1;1;1;7;9;4;Thanks!;;4,15,29,31,32,34,36,38,41,49;3;7;;1;0;strong
220;11/01/2026 23:10;11/01/2026 23:20;0;100;613;1;-122,5989;USA;anonymous;EN;1;6439196ac8edf1bbd8c44d13;2;weak;2weak;1;1;100;0;100;40;70;20;43,33333333;100;100;100;100;100;75;100;91,66666667;40;25;25;30;42;2;1;2;1,5;7;10;4;;;2,6,10,15,18,19,23,40,49,50;0;10;;0;1;weak
69;11/01/2026 22:35;11/01/2026 22:47;0;100;680;1;-122,4866;USA;anonymous;EN;1;663eaf71449fd111b8647d15;3;neutral;3neutral;1;1;72;63;63;90;92;96;92,66666667;98;97;98;97,66666667;97;97;98;97,33333333;49;45;44;46;29;2;1;2;1,5;7;10;3;;;1,3,7,8,24,28,32,33,43,45;4;6;neutral;0;0;neutral
33;11/01/2026 22:33;11/01/2026 22:43;0;100;565;1;-122,4556;USA;anonymous;EN;1;65d50a645355ef7756002e2b;2;weak;2weak;1;1;97;4;97;100;100;80;93,33333333;100;78;100;92,66666667;100;96;87;94,33333333;54;21;31;35,33333333;43;2;1;2;1,5;7;10;5;;C1BX5VF9;9,11,12,13,16,21,38,41,45,47;3;7;;0;1;weak
57;11/01/2026 22:36;11/01/2026 22:45;0;100;534;1;-122,3303;USA;anonymous;EN;1;66b7ace671ee40bb9aa17ee4;1;strong;1strong;1;1;79;27;44;100;100;80;93,33333333;100;100;100;100;29;84;52;55;18;20;42;26,66666667;42;2;3;6;4,5;8;9;3;;C1BX5VF9;1,3,15,19,20,31,36,39,41,45;2;8;;1;0;strong
296;12/01/2026 02:13;12/01/2026 02:22;0;100;569;1;-122,3303;USA;anonymous;EN;1;695fe004b10e38b6414f72d1;1;strong;1strong;1;1;54;48;44;100;100;100;100;100;100;56;85,33333333;55;36;100;63,66666667;47;28;15;30;36;2;4;4;4;7;10;5;;;8,28,31,38,39,41,42,44,45,46;5;5;;1;0;strong
129;11/01/2026 22:51;11/01/2026 22:55;0;100;280;1;-122,2684;USA;anonymous;EN;1;691e40ef9fb16f352696a7e0;2;weak;2weak;1;1;70;20;81;43;39;40;40,66666667;97;86;86;89,66666667;64;69;90;74,33333333;30;63;55;49,33333333;28;1;1;1;1;7;9;4;;;7,11,31,35,38,40,41,43,45,50;3;7;;0;1;weak
277;11/01/2026 23:51;11/01/2026 23:57;0;100;321;1;-122,2684;USA;anonymous;EN;1;5dd38420a71de83809342ca3;2;weak;2weak;1;1;73;1;96;49;75;82;68,66666667;100;100;100;100;100;94;77;90,33333333;95;77;85;85,66666667;56;1;2;3;2,5;6;9;2;;C1BX5VF9;14,18,20,23,24,28,29,34,35,48;0;10;;0;1;weak
2;11/01/2026 22:34;11/01/2026 22:37;0;100;226;1;-122,2548;USA;anonymous;EN;1;6553953daddeb31f9794b59c;1;strong;1strong;1;1;69;60;62;89;80;93;87,33333333;96;85;92;91;95;96;87;92,66666667;60;58;65;61;43;2;4;5;4,5;7;10;4;;;1,5,7,10,11,18,24,29,31,40;2;8;;1;0;strong
59;11/01/2026 22:33;11/01/2026 22:45;0;100;727;1;-122,0975;USA;anonymous;EN;1;558a327cfdf99b2d75651681;2;weak;2weak;1;1;100;40;80;100;100;90;96,66666667;100;100;100;100;100;90;90;93,33333333;20;30;30;26,66666667;59;1;2;3;2,5;8;14;6;Good luck with your research!;C1BX5VF9;1,4,18,35,36,37,38,40,43,45;3;7;;0;1;weak
117;11/01/2026 22:46;11/01/2026 22:53;0;100;458;1;-121,5779;USA;anonymous;EN;1;671936053fd2824bcf9fe04b;1;strong;1strong;1;1;100;100;100;100;100;100;100;100;100;50;83,33333333;100;100;100;100;50;0;0;16,66666667;61;2;6;6;6;5;10;5;;;2,8,14,18,21,23,27,39,43,46;2;8;;1;0;strong
63;11/01/2026 22:41;11/01/2026 22:46;0;100;308;1;-121,4073;USA;anonymous;EN;1;69417bc87556092fff345887;2;weak;2weak;1;1;100;12;93;93;89;90;90,66666667;90;87;90;89;90;99;99;96;72;80;83;78,33333333;40;2;1;3;2;7;14;5;;;1,2,3,5,6,15,24,34,35,37;2;8;;0;1;weak
290;12/01/2026 00:15;12/01/2026 00:25;0;100;590;1;-121,3627;USA;anonymous;EN;1;5b5cff1c9351420001b78419;2;weak;2weak;1;1;100;0;100;0;65;100;55;100;100;100;100;100;100;100;100;100;100;50;83,33333333;35;1;2;6;4;7;9;3;;;1,13,14,16,20,23,26,32,42,45;1;9;;0;1;weak
132;11/01/2026 22:46;11/01/2026 22:57;0;100;608;1;-118,445;USA;anonymous;EN;1;6311bd7a3e9ae0bf105608fd;1;strong;1strong;1;1;99;80;59;100;100;100;100;100;100;100;100;24;75;36;45;10;19;46;25;44;1;5;3;4;4;9;3;If you become a journalist you have to report both sides of a story.;C1BX5VF9;2,4,10,17,21,31,37,38,44,46;2;8;;1;0;strong
139;11/01/2026 22:52;11/01/2026 22:57;0;100;322;1;-118,4298;USA;anonymous;EN;1;66594968a8fca6ea85c9ac19;3;neutral;3neutral;1;1;95;60;55;95;93;93;93,66666667;100;95;93;96;92;100;97;96,33333333;61;50;50;53,66666667;27;1;2;2;2;7;2;2;;C1BX5VF9;2,12,14,24,30,31,32,33,40,44;4;6;neutral;0;0;neutral
138;11/01/2026 22:33;11/01/2026 22:57;0;100;1453;1;-118,266;USA;anonymous;EN;1;616c056b42e788ef31efc4b0;1;strong;1strong;1;1;96;84;13;100;100;100;100;100;100;100;100;98;100;91;96,33333333;50;92;22;54,66666667;41;2;2;2;2;7;9;4;;C1BX5VF9;1,8,9,12,19,23,24,30,45,46;4;6;;1;0;strong
225;11/01/2026 23:19;11/01/2026 23:23;0;100;228;1;-118,2622;USA;anonymous;EN;1;5e1d0bdfdc1a170a132a6980;2;weak;2weak;1;1;100;0;100;32;66;54;50,66666667;100;100;100;100;100;63;71;78;65;55;51;57;37;2;4;4;4;7;10;4;;C1BX5VF9;3,10,17,23,25,35,39,46,47,50;0;10;;0;1;weak
21;11/01/2026 22:33;11/01/2026 22:42;0;100;498;1;-118,244;USA;anonymous;EN;1;671da1682ef34e8259e60339;3;neutral;3neutral;1;1;100;50;82;100;100;100;100;100;100;100;100;100;100;100;100;0;0;0;0;43;2;4;4;4;5;2;2;;;5,10,14,25,33,34,39,42,45,50;1;9;neutral;0;0;neutral
5;11/01/2026 22:35;11/01/2026 22:39;0;100;249;1;-118,126;USA;anonymous;EN;1;6054e5f7c1931593649b158f;1;strong;1strong;1;1;75;31;40;82;90;86;86;79;84;96;86,33333333;100;89;88;92,33333333;38;68;53;53;22;1;1;1;1;4;8;3;;;2,17,26,30,33,39,40,41,42,45;4;6;;1;0;strong
61;11/01/2026 22:39;11/01/2026 22:46;0;100;416;1;-118,126;USA;anonymous;EN;1;6946085fc4297ee282b32d5a;3;neutral;3neutral;1;1;80;50;50;40;60;55;51,66666667;90;90;95;91,66666667;100;90;80;90;60;50;50;53,33333333;33;1;1;2;1,5;7;10;5;;;8,11,19,22,24,25,26,29,33,34;3;7;neutral;0;0;neutral
62;11/01/2026 22:40;11/01/2026 22:46;0;100;321;1;-118,034;USA;anonymous;EN;1;64275e53f51a5ed4f6b7d019;1;strong;1strong;1;1;100;100;0;100;100;100;100;100;100;100;100;100;100;100;100;50;50;50;50;43;1;7;7;7;7;8;3;"As a journalist in the scenario, I chose to pick people from my country. It's harder to go to another country that just had their war ended to get ""both sides"". ";C1BX5VF9;1,4,5,15,19,21,22,23,36,47;10;0;;1;0;strong
250;11/01/2026 23:23;11/01/2026 23:32;0;100;529;1;-117,8756;USA;anonymous;EN;1;695be81cff5933e82a967d04;3;neutral;3neutral;1;1;66;40;65;100;100;100;100;100;100;70;90;80;75;30;61,66666667;40;40;35;38,33333333;32;1;5;5;5;6;9;3;;C1BX5VF9;2,10,11,14,16,17,24,38,47,50;2;8;neutral;0;0;neutral
51;11/01/2026 22:35;11/01/2026 22:45;0;100;585;1;-117,8132;USA;anonymous;EN;1;695f8f78dd4aa295b9efd59f;3;neutral;3neutral;1;2;85;25;50;75;75;50;66,66666667;95;100;100;98,33333333;100;90;100;96,66666667;5;0;0;1,666666667;18;1;1;1;1;4;2;1;;C1BX5VF9;4,9,12,13,24,28,45,46,47,50;4;6;neutral;0;0;neutral
101;11/01/2026 22:45;11/01/2026 22:51;0;100;338;1;-117,6043;USA;anonymous;EN;1;5b79dfb9db11320001c3d3f4;2;weak;2weak;1;1;70;50;85;100;70;100;90;100;100;100;100;100;100;100;100;100;100;80;93,33333333;31;4;1;1;1;5;8;1;;C1BX5VF9;5,11,13,17,25,30,31,34,35,41;3;7;;0;1;weak
71;11/01/2026 22:39;11/01/2026 22:47;0;100;483;1;-117,447;USA;anonymous;EN;1;56b53292a9d33a000c8981a6;1;strong;1strong;1;1;75;100;15;75;40;10;41,66666667;100;100;100;100;100;100;90;96,66666667;75;51;75;67;47;2;2;1;1,5;5;9;2;;;1,4,5,13,19,26,29,32,40,43;10;0;;1;0;strong
35;11/01/2026 22:38;11/01/2026 22:43;0;100;317;1;-117,3845;USA;anonymous;EN;1;5ffb8c5b60571908f3ac19fa;1;strong;1strong;1;1;88;82;59;78;71;75;74,66666667;74;73;88;78,33333333;90;85;90;88,33333333;63;31;52;48,66666667;44;1;2;2;2;6;10;5;;C1BX5VF9;10,11,13,19,23,29,34,35,36,48;6;4;;1;0;strong
140;11/01/2026 22:39;11/01/2026 22:58;0;100;1147;1;-117,3064;USA;anonymous;EN;1;5563984afdf99b672b5749b6;2;weak;2weak;1;1;88;37;61;88;96;88;90,66666667;100;99;88;95,66666667;96;50;96;80,66666667;73;50;50;57,66666667;44;1;7;1;4;8;8;2;To whom it may concern: Thank you for permitting me to participate vis-à-vis this project.;C1BX5VF9;1,2,17,28,29,32,37,39,41,42;2;8;;0;1;weak
282;11/01/2026 23:47;12/01/2026 00:05;0;100;1097;1;-117,3043;USA;anonymous;EN;1;63a2844c9d6acbec7228a420;1;strong;1strong;1;1;82;63;32;79;78;78;78,33333333;70;65;84;73;78;81;76;78,33333333;56;50;60;55,33333333;53;2;2;4;3;8;9;4;;;8,9,12,14,16,23,25,45,47,50;6;4;;1;0;strong
54;11/01/2026 22:36;11/01/2026 22:45;0;100;512;1;-116,1918;USA;anonymous;EN;1;66231fc6e1ecba676935943a;2;weak;2weak;1;1;80;10;88;21;90;80;63,66666667;90;15;50;51,66666667;15;64;75;51,33333333;75;75;85;78,33333333;39;1;5;5;5;5;8;3;;66231fc6e1ecba676935943a;4,6,9,17,19,29,35,40,48,50;1;9;;0;1;weak
232;11/01/2026 23:17;11/01/2026 23:25;0;100;490;1;-115,2867;USA;anonymous;EN;1;5f66893ee1a5b726ff88b66f;3;neutral;3neutral;1;1;59;76;25;81;80;80;80,33333333;63;38;76;59;64;46;59;56,33333333;66;43;58;55,66666667;39;1;2;2;2;6;8;3;;;4,9,13,14,25,28;3;3;neutral;0;0;neutral
149;11/01/2026 22:50;11/01/2026 22:59;0;100;550;1;-115,2166;USA;anonymous;EN;1;694201e1477bd35171c72445;2;weak;2weak;1;1;81;10;90;90;84;80;84,66666667;95;95;95;95;95;90;90;91,66666667;80;30;40;50;40;1;4;6;5;8;10;4;;;4,6,19,23,25,29,38,41,46,48;2;8;;0;1;weak
204;11/01/2026 22:50;11/01/2026 23:13;0;100;1385;1;-115,1164;USA;anonymous;EN;1;66e27123f9505ef4224d5ddc;1;strong;1strong;1;1;100;100;65;100;100;100;100;100;100;100;100;100;100;100;100;100;100;70;90;37;2;7;7;7;3;2;1;;;6,9,11,19,22,24,36,45,49;3;6;;1;0;strong
224;11/01/2026 23:16;11/01/2026 23:23;0;100;426;1;-115,0803;USA;anonymous;EN;1;64d53f3f9885e325d957590d;2;weak;2weak;1;1;100;68;92;71;94;81;82;100;100;100;100;100;100;100;100;50;38;46;44,66666667;51;2;1;1;1;6;8;2;;;1,7,9,15,27,32,41,42,43,49;3;7;;0;1;weak
165;11/01/2026 22:51;11/01/2026 23:02;0;100;668;1;-113,5764;USA;anonymous;EN;1;63e55f08844f6fb08115851f;3;neutral;3neutral;1;1;81;35;39;64;79;74;72,33333333;67;81;60;69,33333333;90;60;71;73,66666667;70;60;75;68,33333333;34;1;4;3;3,5;7;10;3;;C1BX5VF9;4,5,6,10,11,22,28,29,44,50;2;8;neutral;0;0;neutral
94;11/01/2026 22:45;11/01/2026 22:50;0;100;326;1;-112,4238;USA;anonymous;EN;1;694314ef3b40b9f91bf7b04b;1;strong;1strong;1;1;76;100;0;89;90;37;72;81;80;89;83,33333333;80;68;92;80;84;65;64;71;18;1;5;5;5;6;8;2;;;1,3,8,18,19,33,36,37,41,44;10;0;;1;0;strong
191;11/01/2026 22:53;11/01/2026 23:08;0;100;903;1;-111,6591;USA;anonymous;EN;1;696065aacb2d95d3553722b6;1;strong;1strong;1;1;19;62;35;100;100;100;100;100;100;90;96,66666667;95;100;95;96,66666667;5;0;15;6,666666667;42;2;5;5;5;7;9;4;;C1BX5VF9;9,16,24,25,27,32,35,36,37,44;3;7;;1;0;strong
75;11/01/2026 22:40;11/01/2026 22:47;0;100;424;1;-111,2493;USA;anonymous;EN;1;663a7e442f4600c1dc410725;3;neutral;3neutral;1;2;58;39;40;68;68;81;72,33333333;90;87;95;90,66666667;97;96;98;97;93;99;73;88,33333333;30;2;2;2;2;3;9;2;;;10,11,12,17,18,23,25,34,37,43;3;7;neutral;0;0;neutral
152;11/01/2026 22:55;11/01/2026 23:00;0;100;324;1;-108,5991;USA;anonymous;EN;1;672c430e2acc8bdd1fc8fb4b;2;weak;2weak;1;1;81;32;72;43;59;60;54;100;100;100;100;87;98;73;86;57;37;22;38,66666667;28;2;1;1;1;8;10;3;;;1,9,15,16,27,29,32,33,40,44;2;8;;0;1;weak
119;11/01/2026 22:44;11/01/2026 22:54;0;100;600;1;-104,7199;USA;anonymous;EN;1;694143fe5c84af5a24325e42;3;neutral;3neutral;1;1;91;40;80;75;100;80;85;80;100;40;73,33333333;100;95;90;95;90;10;20;40;46;1;5;5;5;7;9;5;;C1BX5VF9;2,4,6,19,24,32,35,40,42,48;3;7;neutral;0;0;neutral
79;11/01/2026 22:42;11/01/2026 22:47;0;100;336;1;-99,0737;USA;anonymous;EN;1;66efa54508a57ab4d42cab20;1;strong;1strong;1;1;65;75;30;50;100;50;66,66666667;100;100;100;100;100;85;100;95;85;65;92;80,66666667;31;2;4;4;4;2;8;2;;;7,8,12,15,16,18,21,25,33,42;10;0;;1;0;strong
82;11/01/2026 22:39;11/01/2026 22:48;0;100;555;1;-98,5305;USA;anonymous;EN;1;5f35e6fc81b9056219e43f96;1;strong;1strong;1;1;80;30;90;88;100;100;96;100;86;100;95,33333333;100;100;100;100;35;35;20;30;41;2;4;2;3;7;9;3;;C1BX5VF9;3,16,20,27,28,31,33,34,41,46;1;9;;1;0;strong
185;11/01/2026 22:59;11/01/2026 23:06;0;100;451;1;-98,3267;USA;anonymous;EN;1;6639e4b63f0c828141e2ea67;1;strong;1strong;1;1;80;59;38;100;100;100;100;100;75;90;88,33333333;80;80;100;86,66666667;50;100;20;56,66666667;22;1;6;5;5,5;6;10;2;;C1BX5VF9;2,3,7,13,24,25,26,28,39,46;3;7;;1;0;strong
25;11/01/2026 22:36;11/01/2026 22:42;0;100;375;1;-97,822;USA;anonymous;EN;1;6709873df4fb8176818d08ed;2;weak;2weak;1;1;85;15;90;70;90;60;73,33333333;95;90;95;93,33333333;90;85;90;88,33333333;40;50;35;41,66666667;32;2;6;6;6;8;14;6;This was an interesting study;C1BX5VF9;1,2,3,10,16,25,30,37,41,50;1;9;;0;1;weak
142;11/01/2026 22:51;11/01/2026 22:58;0;100;427;1;-97,822;USA;anonymous;EN;1;67d727dbd653b68ee63e3d08;2;weak;2weak;1;1;96;9;98;100;100;100;100;99;100;100;99,66666667;100;100;100;100;60;30;33;41;63;2;6;6;6;8;9;3;none;C1BX5VF9;1,7,10,20,22,23,29,32,40,49;0;10;;0;1;weak
171;11/01/2026 22:52;11/01/2026 23:04;0;100;702;1;-97,822;USA;anonymous;EN;1;6834ed99550874d242f2d86f;1;strong;1strong;1;1;65;76;53;93;91;100;94,66666667;94;84;98;92;89;80;79;82,66666667;65;39;16;40;33;1;6;6;6;7;10;4;;;5,13,20,22,28,31,32,33,41,46;4;6;;1;0;strong
285;11/01/2026 23:53;12/01/2026 00:10;0;100;993;1;-97,822;USA;anonymous;EN;1;5c4e14a80467570001252ce1;3;neutral;3neutral;1;1;100;50;65;50;50;50;50;100;86;100;95,33333333;100;100;65;88,33333333;100;34;0;44,66666667;25;1;6;6;6;7;10;4;;;3,6,16,20,25,29,30,32,42,49;1;9;neutral;0;0;neutral
287;12/01/2026 00:07;12/01/2026 00:13;0;100;403;1;-97,822;USA;anonymous;EN;1;687412b8d619a222cdd0bec9;3;neutral;3neutral;1;1;88;3;0;100;100;90;96,66666667;97;97;87;93,66666667;81;95;0;58,66666667;0;0;16;5,333333333;64;2;1;1;1;8;10;5;;C1BX5VF9;;;;neutral;0;0;neutral
293;12/01/2026 00:32;12/01/2026 00:48;0;100;945;1;-97,822;USA;anonymous;EN;1;6824afdfce30efcd2e7274ef;2;weak;2weak;1;1;77;82;83;100;90;100;96,66666667;100;100;100;100;100;100;80;93,33333333;0;0;0;0;37;2;6;6;6;7;10;5;all was good;C1BX5VF9;1,5,14,29,35,40,42,46,48,50;1;9;;0;1;weak
258;11/01/2026 23:29;11/01/2026 23:35;0;100;334;1;-97,6408;USA;anonymous;EN;1;65fb580ab7fbb2d518ee8eaa;1;strong;1strong;1;1;100;50;50;100;100;100;100;100;100;100;100;100;100;100;100;50;50;50;50;46;2;4;4;4;4;10;5;Hope it helped!;C1BX5VF9;1,6,10,14,17,19,23,26,29,31;0;10;;1;0;strong
49;11/01/2026 22:34;11/01/2026 22:45;0;100;660;1;-97,6339;USA;anonymous;EN;1;694163cd8dce97079e97bd07;3;neutral;3neutral;1;1;80;0;100;100;100;100;100;100;100;100;100;100;0;62;54;0;0;0;0;42;2;2;1;1,5;5;8;3;;C1BX5VF9;16,22,24,27,34,36,44,45,49,50;2;8;neutral;0;0;neutral
102;11/01/2026 22:43;11/01/2026 22:51;0;100;476;1;-97,3478;USA;anonymous;EN;1;66295979973d480359d7ddee;2;weak;2weak;1;1;62;15;64;40;100;60;66,66666667;100;100;100;100;100;100;80;93,33333333;60;50;50;53,33333333;53;2;2;2;2;7;9;4;;;2,14,18,26,29,31,38,40,41,46;0;10;;0;1;weak
77;11/01/2026 22:40;11/01/2026 22:47;0;100;440;1;-96,7906;USA;anonymous;EN;1;5ebb96b6cd673a0008ace9ce;1;strong;1strong;1;1;71;79;13;85;73;77;78,33333333;89;95;93;92,33333333;82;74;64;73,33333333;39;45;57;47;28;1;2;1;1,5;6;9;3;;C1BX5VF9;3,4,15,20,23,29,33,36,41,46;3;7;;1;0;strong
95;11/01/2026 22:40;11/01/2026 22:50;0;100;585;1;-96,6765;USA;anonymous;EN;1;5fac564d924fc920890fa307;3;neutral;3neutral;1;1;95;50;85;70;90;100;86,66666667;95;80;100;91,66666667;80;90;85;85;75;80;26;60,33333333;50;1;4;4;4;6;8;3;None;;2,8,23,28,31,35,37,39,47,50;2;8;neutral;0;0;neutral
186;11/01/2026 22:49;11/01/2026 23:07;0;100;1080;1;-95,5793;USA;anonymous;EN;1;5f51947ba90f9b3ea1d2fe61;2;weak;2weak;1;1;100;1;99;95;95;95;95;100;100;100;100;100;100;100;100;49;49;49;49;43;1;2;2;2;6;10;1;I chose to pick the first and last victims and focus more on the youth overall or people with an effect on them;C1BX5VF9;1,5,7,12,19,21,24,31,49,50;2;8;;0;1;weak
88;11/01/2026 22:41;11/01/2026 22:48;0;100;424;1;-93,2188;USA;anonymous;EN;1;61338374ecef87bfdfd1c7bb;3;neutral;3neutral;1;2;76;19;17;44;60;32;45,33333333;81;82;89;84;81;85;89;85;59;28;34;40,33333333;23;1;2;2;2;7;9;3;;;1,3,12,20,22,30,38,43,44,45;3;7;neutral;0;0;neutral
189;11/01/2026 22:58;11/01/2026 23:07;0;100;550;1;-93,1694;USA;anonymous;EN;1;69509501b52ff2618ecbdb1a;2;weak;2weak;1;1;70;85;15;34;67;84;61,66666667;100;100;100;100;100;91;100;97;72;25;18;38,33333333;19;1;2;2;2;5;14;6;;;1,3,7,19,21,33,37,40,43,50;2;8;;0;1;weak
23;11/01/2026 22:38;11/01/2026 22:42;0;100;256;1;-92,4747;USA;anonymous;EN;1;676c9fdb29eb6558c47a3a25;2;weak;2weak;1;1;65;45;55;50;60;55;55;70;80;65;71,66666667;40;50;55;48,33333333;50;55;50;51,66666667;25;1;7;5;6;7;10;4;;;2,15,16,19,22,26,30,32,45,46;2;8;;0;1;weak
172;11/01/2026 23:00;11/01/2026 23:04;0;100;191;1;-91,8993;USA;anonymous;EN;1;6650a07f83dde5b6da54d674;2;weak;2weak;1;1;83;53;100;86;75;95;85,33333333;77;83;87;82,33333333;86;90;73;83;78;94;92;88;30;2;4;4;4;4;9;2;None;C1BX5VF9;12,14,23,31,34,36,37,41,42,45;0;10;;0;1;weak
229;11/01/2026 23:14;11/01/2026 23:24;0;100;622;1;-91,8989;USA;anonymous;EN;1;6682f7019ea9bcdd2e3f1394;1;strong;1strong;1;1;65;55;35;100;90;100;96,66666667;100;100;100;100;100;100;95;98,33333333;40;20;30;30;34;4;2;4;3;6;9;1;I had no issues with the study. Thank you for your time.;C1BX5VF9;7,13,14,20,29,31,37,43,46,47;2;8;;1;0;strong
194;11/01/2026 23:03;11/01/2026 23:10;0;100;365;1;-90,6087;USA;anonymous;EN;1;676ed8014625d5ebd417b5f2;2;weak;2weak;1;1;60;30;89;10;100;100;70;95;90;95;93,33333333;100;100;100;100;70;85;30;61,66666667;60;2;6;6;6;4;8;3;;C1BX5VF9;7,10,13,16,20,22,29,33,39,41;2;8;;0;1;weak
85;11/01/2026 22:44;11/01/2026 22:48;0;100;272;1;-90,5629;USA;anonymous;EN;1;628f83dc5398c04bac86f9e6;3;neutral;3neutral;1;2;100;62;31;93;73;81;82,33333333;92;40;78;70;83;100;74;85,66666667;65;75;33;57,66666667;40;1;4;4;4;8;9;3;;C1BX5VF9;1,6,8,9,20,22,23,24,39,48;3;7;neutral;0;0;neutral
200;11/01/2026 22:45;11/01/2026 23:12;0;100;1591;1;-90,5157;USA;anonymous;EN;1;6736945f69dd1794509b75c2;1;strong;1strong;1;1;76;50;50;50;51;92;64,33333333;69;73;64;68,66666667;59;77;84;73,33333333;95;78;3;58,66666667;47;2;4;4;4;4;8;1;;;3,4,6,8,16,17,28,40,44,49;4;6;;1;0;strong
103;11/01/2026 22:46;11/01/2026 22:51;0;100;278;1;-89,9098;USA;anonymous;EN;1;628deac8711dee5dbda650ae;3;neutral;3neutral;1;1;100;50;50;100;100;100;100;100;100;100;100;100;100;26;75,33333333;50;19;19;29,33333333;33;1;2;2;2;4;2;2;;C1BX5VF9;8,14,19,25,28,30,32,34,41,49;5;5;neutral;0;0;neutral
53;11/01/2026 22:36;11/01/2026 22:45;0;100;542;1;-88,2414;USA;anonymous;EN;1;6960a545231c35c6048d7234;1;strong;1strong;1;1;75;70;58;98;100;90;96;100;95;95;96,66666667;100;100;100;100;5;0;0;1,666666667;37;2;1;2;1,5;8;9;4;;C1BX5VF9;9,25,32,35,37,39,44,45,46,49;2;8;;1;0;strong
264;11/01/2026 23:28;11/01/2026 23:41;0;100;814;1;-88,1847;USA;anonymous;EN;1;662d56e5cc343fb58134d622;3;neutral;3neutral;1;1;50;0;20;50;60;50;53,33333333;100;100;100;100;100;100;80;93,33333333;50;50;50;50;53;2;2;2;2;7;2;2;;C1BX5VF9;9,10,12,24,26,31,32,38,46,49;2;8;neutral;0;0;neutral
181;11/01/2026 22:38;11/01/2026 23:06;0;100;1705;1;-88,1051;USA;anonymous;EN;1;627e7b6d33e1df14160c05ba;1;strong;1strong;1;1;50;50;50;85;70;100;85;85;90;85;86,66666667;100;90;100;96,66666667;0;0;0;0;27;2;1;1;1;6;2;2;;C1BX5VF9;1,5,7,9,15,28,33,39,41,44;2;8;;1;0;strong
137;11/01/2026 22:51;11/01/2026 22:57;0;100;372;1;-87,9532;USA;anonymous;EN;1;695fca717c8aa5a1121a072b;3;neutral;3neutral;1;1;80;60;70;100;100;100;100;70;60;80;70;90;80;80;83,33333333;75;50;25;50;28;1;4;4;4;3;9;3;Thank you for the opportunity to take this study!;;5,9,24,25,29,32,33,34,39,49;4;6;neutral;0;0;neutral
16;11/01/2026 22:36;11/01/2026 22:41;0;100;296;1;-87,9417;USA;anonymous;EN;1;6673190a8c559be8a6981221;1;strong;1strong;1;1;90;75;60;100;100;80;93,33333333;100;100;100;100;75;75;100;83,33333333;50;50;50;50;46;2;4;4;4;7;9;4;None;C1BX5VF9;9,10,13,21,23,24,30,33,46,50;3;7;;1;0;strong
168;11/01/2026 22:56;11/01/2026 23:03;0;100;415;1;-87,7577;USA;anonymous;EN;1;66cc069b16f2ca209469aca2;3;neutral;3neutral;1;1;73;50;50;100;98;66;88;84;81;100;88,33333333;98;83;88;89,66666667;86;80;34;66,66666667;35;2;1;1;1;4;8;2;none thanks;;1,2,9,17,20,31,32,45,47,48;4;6;neutral;0;0;neutral
114;11/01/2026 22:41;11/01/2026 22:53;0;100;711;1;-87,6985;USA;anonymous;EN;1;67bf8696b3b7e7a95c9cd9bf;2;weak;2weak;1;1;100;80;100;100;100;100;100;100;100;100;100;100;80;100;93,33333333;50;30;70;50;55;2;2;2;2;4;8;3;Fun and interesting study to do.;;1,3,5,10,14,16,28,32,35,49;4;6;;0;1;weak
195;11/01/2026 22:48;11/01/2026 23:10;0;100;1363;1;-87,6305;USA;anonymous;EN;1;62c35e9517e15b36b957a678;3;neutral;3neutral;1;1;74;30;24;77;74;80;77;94;76;84;84,66666667;65;67;64;65,33333333;58;55;47;53,33333333;38;1;1;2;1,5;6;9;4;;;11,13,16,20,25,28,34,39,41,44;4;6;neutral;0;0;neutral
276;11/01/2026 23:35;11/01/2026 23:56;0;100;1277;1;-87,5333;USA;anonymous;EN;1;665bee4742fc3cf870e918cd;3;neutral;3neutral;1;1;27;17;70;81;96;96;91;91;93;94;92,66666667;93;65;87;81,66666667;21;21;17;19,66666667;54;1;6;6;6;3;8;4;I believe a journalist should report the facts as they are,,unbiased,, not their own opinions .;;14,15,16,17,26,28,41,42,46,47;2;8;neutral;0;0;neutral
280;11/01/2026 23:52;12/01/2026 00:01;0;100;539;1;-87,4033;USA;anonymous;EN;1;67074e69ec4f26e98f7d5614;1;strong;1strong;1;1;80;70;70;95;95;95;95;95;85;85;88,33333333;95;60;95;83,33333333;30;20;20;23,33333333;34;1;7;7;7;4;9;1;;C1BX5VF9;1,3,6,18,26,29,30,38,44,45;5;5;;1;0;strong
198;11/01/2026 22:58;11/01/2026 23:11;0;100;791;1;-87,2253;USA;anonymous;EN;1;572bcf0d34b25a000edd2cf1;2;weak;2weak;1;1;50;8;80;100;100;100;100;100;100;100;100;95;100;100;98,33333333;50;50;50;50;38;1;2;6;4;7;9;3;;;1,5,7,9,11,20,22,24,37,43;2;8;;0;1;weak
73;11/01/2026 22:36;11/01/2026 22:47;0;100;668;1;-87,0036;USA;anonymous;EN;1;664c43b65dc4c4edec8c2569;3;neutral;3neutral;1;1;70;40;70;100;100;100;100;100;100;100;100;100;100;100;100;100;50;100;83,33333333;39;2;7;6;6,5;7;10;1;;;2,8,14,21,23,24,32,37,42,50;2;8;neutral;0;0;neutral
272;11/01/2026 23:37;11/01/2026 23:48;0;100;685;1;-86,9348;USA;anonymous;EN;1;669d753a74776ad79e3cdff4;3;neutral;3neutral;1;1;100;50;50;100;100;100;100;100;80;75;85;75;50;60;61,66666667;50;40;60;50;28;1;7;7;7;4;8;2;Good luck with your research!;C1BX5VF9;5,13,14,15,25,29,34,41,46,49;4;6;neutral;0;0;neutral
32;11/01/2026 22:36;11/01/2026 22:43;0;100;394;1;-86,1177;USA;anonymous;EN;1;5f4a4da1575d605c43bef871;3;neutral;3neutral;1;1;50;50;50;80;98;76;84,66666667;86;84;64;78;50;77;73;66,66666667;79;85;46;70;67;2;6;6;6;4;1;2;;C1BX5VF9;1,3,4,9,19,36,37,42,43,46;3;7;neutral;0;0;neutral
31;11/01/2026 22:38;11/01/2026 22:43;0;100;267;1;-84,5127;USA;anonymous;EN;1;694234786664a12ed4429044;3;neutral;3neutral;1;1;91;50;50;76;79;79;78;100;98;97;98,33333333;96;99;100;98,33333333;50;50;54;51,33333333;33;1;1;1;1;6;9;3;;;6,7,9,10,11,19,26,29,33,35;3;7;neutral;0;0;neutral
127;11/01/2026 22:39;11/01/2026 22:55;0;100;991;1;-84,3871;USA;anonymous;EN;1;66592dfcb3c1b6f73d81495c;1;strong;1strong;1;1;90;70;50;90;80;90;86,66666667;90;80;90;86,66666667;90;90;60;80;30;20;10;20;55;1;3;5;4;6;8;2;;;1,11,14,18,19,31,34,44,47,49;2;8;;1;0;strong
236;11/01/2026 23:21;11/01/2026 23:27;0;100;316;1;-84,3871;USA;anonymous;EN;1;56e967b74c71f00005d78743;3;neutral;3neutral;1;1;100;50;50;100;100;100;100;100;100;100;100;100;50;100;83,33333333;50;50;0;33,33333333;46;2;6;6;6;7;8;2;none;C1BX5VF9;4,6,22,26,28,32,37,39,43,44;5;5;neutral;0;0;neutral
84;11/01/2026 22:40;11/01/2026 22:48;0;100;470;1;-83,7059;USA;anonymous;EN;1;677e1c29e5bc70ca31fa88ec;3;neutral;3neutral;1;1;90;50;50;75;80;66;73,66666667;85;85;90;86,66666667;90;80;85;85;40;40;50;43,33333333;39;1;1;3;2;7;9;3;;C1BX5VF9;3,5,12,18,20,21,28,32,42,48;4;6;neutral;0;0;neutral
202;11/01/2026 23:08;11/01/2026 23:12;0;100;274;1;-83,4989;USA;anonymous;EN;1;69631d593b5f19333109d7d2;1;strong;1strong;1;1;60;25;75;90;75;100;88,33333333;100;90;95;95;90;100;100;96,66666667;25;15;5;15;39;1;1;1;1;6;10;3;;;7,8,14,21,22,34,36,40,41,48;5;5;;1;0;strong
47;11/01/2026 22:36;11/01/2026 22:44;0;100;508;1;-83,4241;USA;anonymous;EN;1;696312e530f93c8e5c4a3858;3;neutral;3neutral;1;1;90;20;80;25;50;40;38,33333333;90;90;90;90;80;90;90;86,66666667;0;0;0;0;22;2;2;2;2;7;10;4;;;2,6,8,20,24,26,31,36,40,47;1;9;neutral;0;0;neutral
36;11/01/2026 22:37;11/01/2026 22:43;0;100;351;1;-83,2107;USA;anonymous;EN;1;5685850c333cbd000d4e042f;2;weak;2weak;1;1;11;5;34;41;87;79;69;100;95;100;98,33333333;100;100;100;100;64;50;40;51,33333333;31;1;2;2;2;4;9;1;;;2,9,15,19,27,30,33,39,45,48;2;8;;0;1;weak
183;11/01/2026 22:57;11/01/2026 23:06;0;100;542;1;-82,9987;USA;anonymous;EN;1;6797d5ada6654ec99f741b08;2;weak;2weak;1;1;80;89;78;99;76;80;85;100;84;91;91,66666667;81;95;86;87,33333333;28;78;86;64;23;2;5;6;5,5;7;2;2;;;1,2,3,4,10,11,34,43,46,50;1;9;;0;1;weak
286;11/01/2026 23:52;12/01/2026 00:11;0;100;1116;1;-82,6042;USA;anonymous;EN;1;61282ca83be28773ac7c421f;2;weak;2weak;1;1;100;50;50;100;100;100;100;100;100;100;100;100;100;100;100;50;0;50;33,33333333;45;2;4;4;4;6;2;2;;C1BX5VF9;2,6,7,12,18,20,30,42,47,48;5;5;;0;1;weak
24;11/01/2026 22:35;11/01/2026 22:42;0;100;435;1;-82,4858;USA;anonymous;EN;1;5a4bf09053a4560001ba0ebf;1;strong;1strong;1;1;95;70;40;90;90;80;86,66666667;100;95;100;98,33333333;100;100;100;100;80;40;45;55;38;1;1;2;1,5;5;8;3;;C1BX5VF9;14,17,18,22,23,24,29,33,34,41;3;7;;1;0;strong
14;11/01/2026 22:33;11/01/2026 22:41;0;100;442;1;-82,1408;USA;anonymous;EN;1;663e261411bf5c454c53f80d;1;strong;1strong;1;1;80;30;70;100;90;100;96,66666667;100;100;100;100;100;100;100;100;0;0;0;0;28;2;1;1;1;4;8;2;;;3,7,14,16,20,30,32,43,47,50;2;8;;1;0;strong
52;11/01/2026 22:38;11/01/2026 22:45;0;100;429;1;-81,7371;USA;anonymous;EN;1;6941f19fdcf3c0edbc7f2fe9;3;neutral;3neutral;1;1;96;30;75;90;70;70;76,66666667;90;100;100;96,66666667;80;80;90;83,33333333;30;15;15;20;35;2;2;3;2,5;7;10;7;;;5,10,12,22,24,31,34,38,48,49;3;7;neutral;0;0;neutral
122;11/01/2026 22:49;11/01/2026 22:54;0;100;333;1;-81,7199;USA;anonymous;EN;1;668f6d3d0883afad7a2fbb4f;1;strong;1strong;1;1;71;50;50;100;100;100;100;100;90;90;93,33333333;100;100;100;100;30;10;30;23,33333333;50;1;3;2;2,5;4;8;2;;;1,3,6,10,11,14,21,22,40,42;4;6;;1;0;strong
107;11/01/2026 22:43;11/01/2026 22:52;0;100;512;1;-81,5054;USA;anonymous;EN;1;5dcdb60be64aaa07c14065cc;1;strong;1strong;1;2;62;25;31;54;78;89;73,66666667;82;97;60;79,66666667;90;96;86;90,66666667;50;56;54;53,33333333;39;2;3;5;4;4;8;2;thank you;C1BX5VF9;10,18,27,29,32,34,35,36,43,47;3;7;;1;0;strong
13;11/01/2026 22:33;11/01/2026 22:41;0;100;473;1;-81,4807;USA;anonymous;EN;1;6777d289f3eaa43bfd9c878c;2;weak;2weak;1;1;51;22;45;100;100;100;100;100;86;100;95,33333333;100;100;100;100;100;33;35;56;34;1;3;4;3,5;4;8;3;Thanks for the opportunity ;C1BX5VF9;2,3,9,15,19,22,27,30,44,46;0;10;;0;1;weak
105;11/01/2026 22:46;11/01/2026 22:52;0;100;312;1;-81,2499;USA;anonymous;EN;1;63df06a8c5ac5f3c6bf77e6f;1;strong;1strong;1;1;50;50;50;100;90;100;96,66666667;100;100;100;100;100;100;100;100;50;50;50;50;59;2;2;2;2;7;8;2;;;1,5,6,10,25,29,33,37,48,50;5;5;;1;0;strong
153;11/01/2026 22:56;11/01/2026 23:00;0;100;262;1;-81,0348;USA;anonymous;EN;1;67e9c73caada4a6aea341f5b;1;strong;1strong;1;1;68;96;64;85;100;59;81,33333333;83;50;100;77,66666667;77;100;70;82,33333333;76;96;75;82,33333333;48;2;6;7;6,5;8;14;7;none;;1,4,7,9,12,22,26,27,39,47;4;6;;1;0;strong
40;11/01/2026 22:35;11/01/2026 22:44;0;100;544;1;-80,9543;USA;anonymous;EN;1;693b90a846083092cd5d1f9f;2;weak;2weak;1;1;100;30;80;100;100;95;98,33333333;100;100;100;100;100;100;100;100;50;40;30;40;64;2;3;5;4;8;8;3;;;4,7,18,22,27,28,34,35,42,50;2;8;;0;1;weak
136;11/01/2026 22:48;11/01/2026 22:57;0;100;567;1;-80,785;USA;anonymous;EN;1;66cac2b3c4bcc10c0bbbc1f5;3;neutral;3neutral;1;1;90;15;95;100;90;90;93,33333333;100;60;85;81,66666667;100;90;90;93,33333333;100;60;100;86,66666667;43;2;6;7;6,5;6;8;3;;C1BX5VF9;5,11,18,19,22,42,43,44,49,50;5;5;neutral;0;0;neutral
38;11/01/2026 22:33;11/01/2026 22:43;0;100;624;1;-80,7209;USA;anonymous;EN;1;6724260700cede758eb0c062;3;neutral;3neutral;1;1;100;50;50;100;100;100;100;100;100;100;100;100;100;100;100;100;100;100;100;50;1;1;1;1;4;10;5;Thank you;C1BX5VF9;5,8,19,20,32,41,42,43,45,48;3;7;neutral;0;0;neutral
292;12/01/2026 00:35;12/01/2026 00:45;0;100;576;1;-80,4434;USA;anonymous;EN;1;67c78fbc58d20f4b7fe41479;3;neutral;3neutral;1;1;75;59;40;72;75;73;73,33333333;74;74;69;72,33333333;78;81;73;77,33333333;74;79;79;77,33333333;39;1;5;5;5;8;10;5;;;11,13,15,27,32,35,36,41,47,50;5;5;neutral;0;0;neutral
174;11/01/2026 22:59;11/01/2026 23:04;0;100;325;1;-80,2092;USA;anonymous;EN;1;67178054a368314e6afa5ed4;1;strong;1strong;1;1;86;87;7;100;100;79;93;93;100;92;95;79;55;100;78;43;38;46;42,33333333;38;1;4;4;4;7;10;3;;;1,3,6,10,13,30,32,36,37,38;10;0;;1;0;strong
41;11/01/2026 22:33;11/01/2026 22:44;0;100;662;1;-80,084;USA;anonymous;EN;1;5b5c8d4e10aec90001ed4bee;3;neutral;3neutral;1;1;50;0;0;100;100;100;100;100;100;100;100;100;100;80;93,33333333;40;0;30;23,33333333;26;2;3;3;3;4;10;3;;;5,14,15,17,27,31,36,38,46,48;2;8;neutral;0;0;neutral
297;12/01/2026 02:46;12/01/2026 02:53;0;100;435;1;-80,0806;USA;anonymous;EN;1;6732096624d0e2bb965f5d6a;3;neutral;3neutral;1;2;51;50;52;49;50;50;49,66666667;50;52;50;50,66666667;52;53;50;51,66666667;53;51;53;52,33333333;48;1;3;3;3;5;2;2;;;1,4,11,19,21,26,31,32,45,46;6;4;neutral;0;0;neutral
44;11/01/2026 22:34;11/01/2026 22:44;0;100;582;1;-79,8792;USA;anonymous;EN;1;609f58e8af0f5f3acedd9806;1;strong;1strong;1;1;50;70;40;100;90;100;96,66666667;100;100;100;100;100;100;100;100;25;25;25;25;27;3;1;1;1;4;8;3;;C1BX5VF9;2,4,10,12,14,19,33,36,43,48;2;8;;1;0;strong
110;11/01/2026 22:49;11/01/2026 22:52;0;100;189;1;-79,8685;USA;anonymous;EN;1;5424b0a6fdf99b691e6ac9c2;3;neutral;3neutral;1;1;69;0;0;37;61;10;36;100;100;100;100;82;89;97;89,33333333;49;37;31;39;35;1;1;1;1;7;8;3;;;1,3,19,30,33,34,36,39,44,45;0;10;neutral;0;0;neutral
70;11/01/2026 22:40;11/01/2026 22:47;0;100;396;1;-78,916;USA;anonymous;EN;1;67e73cc7cf25bb683f36f62c;2;weak;2weak;1;1;65;12;85;86;92;95;91;83;64;50;65,66666667;80;80;82;80,66666667;50;36;20;35,33333333;21;1;2;2;2;7;10;4;;C1BX5VF9;1,2,3,7,8,16,19,29,31,39;0;10;;0;1;weak
184;11/01/2026 22:55;11/01/2026 23:06;0;100;667;1;-78,1418;USA;anonymous;EN;1;6941ad1c7e8b932ff5e7e7ee;2;weak;2weak;1;1;65;50;72;100;100;100;100;100;68;16;61,33333333;64;11;74;49,66666667;0;0;0;0;48;2;4;4;4;4;9;3;Thank you :);;3,7,8,14,19,21,37,41,43,46;3;7;;0;1;weak
251;11/01/2026 23:26;11/01/2026 23:33;0;100;411;1;-77,6443;USA;anonymous;EN;1;67df2438f087a74ea30f779b;1;strong;1strong;1;1;67;61;43;79;79;93;83,66666667;50;54;62;55,33333333;77;66;80;74,33333333;69;50;79;66;34;2;6;6;6;8;10;6;;C1BX5VF9;1,8,10,12,21,22,27,33,36,43;4;6;;1;0;strong
278;11/01/2026 23:47;11/01/2026 23:59;0;100;718;1;-77,6443;USA;anonymous;EN;1;67d21364aa4dc87ecd8f3f1b;2;weak;2weak;1;1;60;25;75;90;85;95;90;85;75;95;85;90;85;80;85;80;80;20;60;30;1;1;1;1;6;10;5;;C1BX5VF9;9,12,19,21,25,26,32,38,41,43;2;8;;0;1;weak
289;11/01/2026 23:58;12/01/2026 00:25;0;100;1600;1;-77,6443;USA;anonymous;EN;1;67ef5e1ea8330a7744f39e17;2;weak;2weak;1;1;100;0;100;50;100;100;83,33333333;100;100;100;100;100;100;100;100;100;50;100;83,33333333;46;1;1;1;1;8;10;5;N/A;C1BX5VF9;1,3,6,10,12,17,22,27,39,50;0;10;;0;1;weak
30;11/01/2026 22:33;11/01/2026 22:43;0;100;561;1;-77,5364;USA;anonymous;EN;1;66da60c15b344bf7050d98bb;1;strong;1strong;1;1;81;50;42;92;100;75;89;100;85;100;95;100;100;91;97;50;80;50;60;26;1;3;5;4;7;10;5;This seemed to try to replicate similarities to the Israel and Gaza conflict. I wonder if that was intentional. ;;7,8,11,12,15,25,27,35,36,43;2;8;;1;0;strong
106;11/01/2026 22:40;11/01/2026 22:52;0;100;681;1;-77,5364;USA;anonymous;EN;1;667c4e78a316c43de8e5503a;1;strong;1strong;1;1;83;60;60;100;100;100;100;100;78;100;92,66666667;94;100;100;98;100;94;98;97,33333333;49;2;1;1;1;7;10;1;;;5,16,18,25,26,27,34,37,38,45;1;9;;1;0;strong
150;11/01/2026 22:53;11/01/2026 23:00;0;100;429;1;-77,4903;USA;anonymous;EN;1;67424497269f61ff7bad25a5;1;strong;1strong;1;1;100;80;50;100;100;100;100;100;80;100;93,33333333;50;100;100;83,33333333;100;50;50;66,66666667;47;1;4;4;4;2;10;4;Nothing to add ;;1,2,9,15,16,18,26,27,34,44;3;7;;1;0;strong
96;11/01/2026 22:41;11/01/2026 22:50;0;100;576;1;-77,3672;USA;anonymous;EN;1;695fcf8d5230c9685bb21b23;2;weak;2weak;1;1;75;10;70;90;95;75;86,66666667;95;95;95;95;70;50;75;65;40;15;15;23,33333333;35;2;2;3;2,5;7;14;5;;C1BX5VF9;1,6,16,24,26,27,33,36,47,48;3;7;;0;1;weak
254;11/01/2026 23:25;11/01/2026 23:34;0;100;530;1;-76,8893;USA;anonymous;EN;1;668c85c9f955972065292902;1;strong;1strong;1;1;70;79;41;91;75;87;84,33333333;100;85;98;94,33333333;99;89;90;92,66666667;42;34;14;30;31;1;2;3;2,5;5;8;3;;;1,8,10,11,25,27,29,37,41,49;3;7;;1;0;strong
288;12/01/2026 00:11;12/01/2026 00:15;0;100;255;1;-75,9472;USA;anonymous;EN;1;69600fa4a2d6641882972474;1;strong;1strong;1;1;40;20;20;100;90;85;91,66666667;73;68;67;69,33333333;65;32;88;61,66666667;11;0;0;3,666666667;30;1;4;5;4,5;2;9;3;;;5,8,10,16,18,19,23,33,34,40;2;8;;1;0;strong
113;11/01/2026 22:43;11/01/2026 22:53;0;100;600;1;-75,9305;USA;anonymous;EN;1;663a5bf9e6694a8470b85812;2;weak;2weak;1;1;70;0;90;100;100;100;100;100;100;75;91,66666667;100;100;100;100;50;61;0;37;24;2;1;1;1;4;8;3;;;1,7,10,12,13,19,21,36,43,48;0;10;;0;1;weak
263;11/01/2026 23:25;11/01/2026 23:39;0;100;832;1;-75,2266;USA;anonymous;EN;1;663ea705b761e95caebf67eb;3;neutral;3neutral;1;1;90;53;87;90;91;94;91,66666667;100;100;100;100;100;100;100;100;45;46;47;46;23;2;1;1;1;7;10;3;N/A;;9,16,19,22,23,28,32,42,48,49;4;6;neutral;0;0;neutral
126;11/01/2026 22:47;11/01/2026 22:55;0;100;503;1;-74,2152;USA;anonymous;EN;1;5e8c0ebdcd34af1040492ef8;3;neutral;3neutral;1;1;100;20;80;50;100;20;56,66666667;100;100;100;100;100;90;100;96,66666667;50;50;50;50;35;2;2;2;2;7;1;1;N/A Thank you!;;5,6,8,11,14,29,30,44,47,49;2;8;neutral;0;0;neutral
55;11/01/2026 22:37;11/01/2026 22:45;0;100;459;1;-74,1579;USA;anonymous;EN;1;5ac5260dfa3b4e0001736dd3;2;weak;2weak;1;1;71;27;83;22;54;60;45,33333333;82;82;82;82;76;56;72;68;63;69;75;69;32;1;5;3;4;3;8;3;;C1BX5VF9;4,8,9,11,12,16,20,27,31,39;0;10;;0;1;weak
170;11/01/2026 22:55;11/01/2026 23:04;0;100;503;1;-74,1469;USA;anonymous;EN;1;6521ab1c4a2ffd6c21a3b662;3;neutral;3neutral;1;1;71;50;69;40;56;75;57;87;72;88;82,33333333;100;100;100;100;72;84;84;80;26;2;2;2;2;5;9;4;;C1BX5VF9;7,17,20,23,25,36,37,40,41,44;1;9;neutral;0;0;neutral
274;11/01/2026 23:37;11/01/2026 23:51;0;100;870;1;-74,0055;USA;anonymous;EN;1;663a7af013938e6bbfb065d5;1;strong;1strong;1;1;60;85;25;100;100;100;100;100;100;100;100;100;80;100;93,33333333;0;0;0;0;36;1;3;1;2;7;9;4;;;4,6,11,21,22,27,40,41,43,49;4;6;;1;0;strong
6;11/01/2026 22:34;11/01/2026 22:39;0;100;321;1;-73,9614;USA;anonymous;EN;1;695ca5de47cf0c7ac75dd666;3;neutral;3neutral;1;1;80;50;50;80;90;20;63,33333333;100;90;100;96,66666667;80;60;70;70;10;10;0;6,666666667;23;1;2;3;2,5;7;15;3;;C1BX5VF9;2,15,16,19,26,28,31,39,40,46;1;9;neutral;0;0;neutral
19;11/01/2026 22:34;11/01/2026 22:42;0;100;479;1;-72,6624;USA;anonymous;EN;1;5d62886927a84f00010fbbb4;3;neutral;3neutral;1;1;90;10;20;99;100;65;88;99;100;95;98;50;90;10;50;66;10;10;28,66666667;39;1;3;5;4;8;10;4;;C1BX5VF9;8,9,14,19,22,28,37,45,48,50;2;8;neutral;0;0;neutral
249;11/01/2026 23:22;11/01/2026 23:32;0;100;608;1;-72,5931;USA;anonymous;EN;1;67d5eb0b8ec16cc847b4593a;2;weak;2weak;1;1;90;70;90;100;100;100;100;100;100;100;100;100;100;100;100;21;10;0;10,33333333;35;2;6;5;5,5;7;10;5;Thank you for considering my input.;C1BX5VF9;1,3,9,10,18,20,22,38,40,50;4;6;;0;1;weak
187;11/01/2026 22:51;11/01/2026 23:07;0;100;950;1;-71,9174;USA;anonymous;EN;1;673feeafa80a279f5cc63e33;2;weak;2weak;1;1;70;50;50;100;100;100;100;100;50;60;70;40;0;0;13,33333333;0;0;0;0;62;2;5;6;5,5;4;8;3;none;C1BX5VF9;1,2,3,17,18,19,20,32,45,47;2;8;;0;1;weak
116;11/01/2026 22:42;11/01/2026 22:53;0;100;659;1;-71,4641;USA;anonymous;EN;1;663298e9fb8d4ab0415f49fb;1;strong;1strong;1;2;100;15;85;90;100;75;88,33333333;100;100;100;100;100;100;94;98;10;10;10;10;53;1;1;1;1;8;2;2;n/a;C1BX5VF9;3,8,10,14,15,17,24,31,37,39;4;6;;1;0;strong
80;11/01/2026 22:41;11/01/2026 22:48;0;100;396;1;-71,3982;USA;anonymous;EN;1;645950b676754e48ae4e15fb;3;neutral;3neutral;1;1;90;20;60;90;100;65;85;70;75;55;66,66666667;100;85;90;91,66666667;60;10;50;40;62;2;1;2;1,5;7;9;4;;;1,4,9,11,26,32,35,41,45,50;2;8;neutral;0;0;neutral
210;11/01/2026 23:05;11/01/2026 23:15;0;100;628;1;-71,1688;USA;anonymous;EN;1;611b00c6f6cc82766cd07c16;2;weak;2weak;1;1;91;12;88;40;40;40;40;90;90;50;76,66666667;90;55;80;75;61;60;60;60,33333333;32;1;7;4;5,5;9;10;5;;;16,20,25,26,30,35,39,44,46,48;2;8;;0;1;weak
146;11/01/2026 22:43;11/01/2026 22:59;0;100;940;1;-70,971;USA;anonymous;EN;1;691e357fca35497e55877647;2;weak;2weak;1;1;83;70;70;90;90;90;90;100;100;100;100;100;90;100;96,66666667;10;5;5;6,666666667;50;2;2;2;2;7;10;5;;;2,7,9,12,13,28,29,31,32,38;5;5;;0;1;weak
60;11/01/2026 22:38;11/01/2026 22:45;0;100;476;1;-66,1052;USA;anonymous;EN;1;644a53ac09de69785b70ec16;3;neutral;3neutral;1;1;96;95;95;100;100;100;100;100;100;100;100;100;100;100;100;66;0;67;44,33333333;62;2;1;1;1;6;9;3;"A few questions were hard to answer, for example ""a journalist should consider all sides"" - yes in general but not always true for an in-depth, focused story or sidebar";C1BX5VF9;9,10,16,26,28,30,37,38,48,50;2;8;neutral;0;0;neutral
269;11/01/2026 23:09;11/01/2026 23:44;0;100;2111;1;-5,9045;UK;anonymous;EN;1;5bbb5e3f118c0600013c3202;2;weak;2weak;1;1;75;13;100;71;94;80;81,66666667;16;88;100;68;77;91;75;81;97;77;96;90;39;2;6;6;6;9;10;4;;;1,5,10,12,17,27,28,30,37,50;3;7;;0;1;weak
159;11/01/2026 22:52;11/01/2026 23:01;0;100;557;1;-5,8155;UK;anonymous;EN;1;6658e2cb395c02efada6a7a1;3;neutral;3neutral;1;1;100;65;85;83;88;89;86,66666667;90;95;91;92;88;90;93;90,33333333;16;40;50;35,33333333;35;2;4;5;4,5;7;9;4;None;;1,6,13,23,26,29,30,32,41,46;2;8;neutral;0;0;neutral
124;11/01/2026 22:45;11/01/2026 22:55;0;100;584;1;-4,3055;UK;anonymous;EN;1;6487081faa2f43fd8ea888dc;2;weak;2weak;1;1;64;30;74;100;100;100;100;100;100;100;100;100;94;85;93;88;79;51;72,66666667;60;1;4;6;5;7;10;5;;C1BX5VF9;5,7,9,13,29,30,32,37,44,48;4;6;;0;1;weak
247;11/01/2026 23:25;11/01/2026 23:31;0;100;361;1;-4,3055;UK;anonymous;EN;1;5b72f297fa9ce70001bea88e;1;strong;1strong;1;1;8;19;17;5;64;16;28,33333333;72;89;88;83;88;87;80;85;51;50;57;52,66666667;42;2;2;2;2;9;10;4;;;2,5,11,12,14,15,16,22,37,45;6;4;;1;0;strong
22;11/01/2026 22:36;11/01/2026 22:42;0;100;351;1;-4,2892;UK;anonymous;EN;1;5849916abb147f0001786ac5;1;strong;1strong;1;1;88;50;50;84;91;66;80,33333333;88;94;88;90;96;89;90;91,66666667;91;88;88;89;61;1;5;5;5;7;9;3;;;3,4,8,17,19,23,31,34,41,44;4;6;;1;0;strong
268;11/01/2026 23:37;11/01/2026 23:43;0;100;365;1;-4,1825;UK;anonymous;EN;1;67448035804444614abdcc6c;1;strong;1strong;1;1;80;51;50;50;100;100;83,33333333;97;16;98;70,33333333;99;91;96;95,33333333;70;97;3;56,66666667;31;1;4;4;4;7;9;4;;C1BX5VF9;5,9,14,16,19,25,36,37,39,46;5;5;;1;0;strong
130;11/01/2026 22:48;11/01/2026 22:56;0;100;442;1;-4,0029;UK;anonymous;EN;1;5d52e15363bdb100010883f1;3;neutral;3neutral;1;1;50;50;50;100;100;100;100;80;100;50;76,66666667;50;77;12;46,33333333;12;0;0;4;81;1;5;6;5,5;6;8;2;;C1BX5VF9;1,12,18,20,21,23,29,31,34,39;3;7;neutral;0;0;neutral
179;11/01/2026 22:54;11/01/2026 23:06;0;100;696;1;-3,933;UK;anonymous;EN;1;5e39e1e2c8aeb01fe7aca4b6;3;neutral;3neutral;1;1;59;40;44;70;78;83;77;69;79;61;69,66666667;34;27;64;41,66666667;75;42;40;52,33333333;31;1;6;4;5;7;10;4;It was an interactive study.;;9,15,26,31,32,37,40,45,49,50;3;7;neutral;0;0;neutral
91;11/01/2026 22:41;11/01/2026 22:49;0;100;477;1;-3,7758;UK;anonymous;EN;1;606c8e6bc369e4344ecd5ed1;1;strong;1strong;1;1;71;40;30;70;81;69;73,33333333;100;100;100;100;80;90;70;80;40;20;21;27;25;1;1;1;1;4;2;2;;;1,8,9,16,29,30,38,46,48,50;5;5;;1;0;strong
1;11/01/2026 22:33;11/01/2026 22:37;0;100;233;1;-3,7695;UK;anonymous;EN;1;67701cb8e95b8934348de694;3;neutral;3neutral;1;1;100;50;50;100;100;100;100;100;100;100;100;100;100;100;100;50;100;50;66,66666667;34;1;5;5;5;8;10;4;;C1BX5VF9;1,5,7,10,11,20,23,35,43,50;5;5;neutral;0;0;neutral
111;11/01/2026 22:36;11/01/2026 22:52;0;100;993;1;-3,4723;UK;anonymous;EN;1;67816b8db5cc9d12f5f77d7a;1;strong;1strong;1;1;70;60;40;100;100;100;100;100;100;100;100;80;70;75;75;50;20;5;25;38;1;6;7;6,5;4;10;3;;C1BX5VF9;2,12,15,20,28,39,43,46,49,50;5;5;;1;0;strong
218;11/01/2026 23:12;11/01/2026 23:19;0;100;424;1;-3,2485;UK;anonymous;EN;1;5664b80b4ef50400127da023;1;strong;1strong;1;1;79;84;50;78;65;82;75;77;66;81;74,66666667;77;79;67;74,33333333;31;23;23;25,66666667;30;2;2;2;2;7;2;3;;C1BX5VF9;2,13,18,21,31,39,40,43,48;3;6;;1;0;strong
242;11/01/2026 23:18;11/01/2026 23:29;0;100;706;1;-3,1983;UK;anonymous;EN;1;67744dd5d793cc3d79ba38fc;3;neutral;3neutral;1;1;70;50;50;100;100;100;100;100;90;100;96,66666667;100;90;100;96,66666667;66;66;75;69;51;1;5;5;5;4;9;3;;;1,4,12,17,19,21,24,27,32,50;5;5;neutral;0;0;neutral
176;11/01/2026 22:58;11/01/2026 23:05;0;100;420;1;-3,1546;UK;anonymous;EN;1;5b53c665303c33000165c968;3;neutral;3neutral;1;1;60;30;70;85;80;85;83,33333333;100;85;85;90;85;60;70;71,66666667;60;50;70;60;28;1;6;6;6;7;2;2;Intriguing study, haven't had one like it so far!;C1BX5VF9;3,4,6,16,17,21,23,38,44,45;3;7;neutral;0;0;neutral
89;11/01/2026 22:45;11/01/2026 22:49;0;100;234;1;-3,0915;UK;anonymous;EN;1;58945874b5496d00018cfe1c;2;weak;2weak;1;1;53;1;97;53;63;51;55,66666667;96;57;100;84,33333333;83;67;86;78,66666667;66;54;55;58,33333333;49;2;4;4;4;4;9;4;;;4,5,10,18,31,32,37,44,49,50;0;10;;0;1;weak
228;11/01/2026 23:12;11/01/2026 23:24;0;100;706;1;-3,0603;UK;anonymous;EN;1;5b9e4dc6e671c60001228654;3;neutral;3neutral;1;1;63;31;70;90;88;88;88,66666667;100;100;100;100;92;83;90;88,33333333;8;6;4;6;64;2;3;4;3,5;9;8;2;The design of the circles and the way you have to click on them is very fiddly and awkward. ;;4,6,9,11,13,23,24,26,38,42;3;7;neutral;0;0;neutral
112;11/01/2026 22:44;11/01/2026 22:52;0;100;504;1;-2,9792;UK;anonymous;EN;1;5bd2a0799afb5b00015be460;1;strong;1strong;1;1;100;88;100;61;74;98;77,66666667;100;100;100;100;100;100;100;100;57;0;1;19,33333333;43;2;1;1;1;7;10;5;I thought this was a very interesting study and I would take part in something like this again.;;1,5,7,29,31,32,34,37,40,47;2;8;;1;0;strong
83;11/01/2026 22:39;11/01/2026 22:48;0;100;549;1;-2,8601;UK;anonymous;EN;1;5f0feb7e1dcabb20210ed63a;2;weak;2weak;1;1;85;10;90;100;100;80;93,33333333;20;100;20;46,66666667;80;70;100;83,33333333;20;10;10;13,33333333;37;1;4;5;4,5;6;9;4;I believe journalists should report the facts that are there clearly and full frontal;;3,4,9,10,14,15,17,26,42,43;2;8;;0;1;weak
199;11/01/2026 22:40;11/01/2026 23:12;0;100;1884;1;-2,7835;UK;anonymous;EN;1;60ce6af707bcd42cbc885210;1;strong;1strong;1;1;100;29;62;100;100;100;100;100;100;100;100;100;100;100;100;50;34;34;39,33333333;69;2;3;4;3,5;7;9;4;;;4,10,11,14,17,25,39,41,43,49;5;5;;1;0;strong
143;11/01/2026 22:52;11/01/2026 22:59;0;100;417;1;-2,7659;UK;anonymous;EN;1;5beffd4ac5260b0001d5a130;1;strong;1strong;1;2;50;40;40;70;50;70;63,33333333;45;57;62;54,66666667;90;80;71;80,33333333;46;50;48;48;28;2;3;3;3;7;10;5;;;3,15,18,23,24,26,28,29,32,46;7;3;;1;0;strong
230;11/01/2026 23:16;11/01/2026 23:25;0;100;576;1;-2,7659;UK;anonymous;EN;1;5e08b939f9e7501c6b40c650;3;neutral;3neutral;1;1;25;20;30;75;75;75;75;36;74;79;63;79;82;83;81,33333333;25;21;22;22,66666667;37;2;2;2;2;7;9;4;;C1BX5VF9;3,5,7,17,24,25,27,31,38,44;0;10;neutral;0;0;neutral
243;11/01/2026 23:21;11/01/2026 23:30;0;100;484;1;-2,7109;UK;anonymous;EN;1;655e09b56e955560173018c9;3;neutral;3neutral;1;1;90;40;60;60;60;70;63,33333333;70;70;70;70;80;80;80;80;60;40;40;46,66666667;40;2;4;4;4;5;9;3;;C1BX5VF9;2,4,5,8,19,31,35,44,47,48;2;8;neutral;0;0;neutral
98;11/01/2026 22:42;11/01/2026 22:50;0;100;470;1;-2,5917;UK;anonymous;EN;1;6384fe2038dec3b99036f822;3;neutral;3neutral;1;1;77;28;59;74;59;40;57,66666667;100;82;87;89,66666667;100;91;100;97;31;38;34;34,33333333;34;1;3;3;3;6;9;3;;;2,6,10,14,26,29,30,32,35,36;1;9;neutral;0;0;neutral
248;11/01/2026 23:22;11/01/2026 23:31;0;100;517;1;-2,5419;UK;anonymous;EN;1;5ee0df4ff87654455ad1cb9a;3;neutral;3neutral;1;1;81;40;60;61;82;45;62,66666667;95;80;81;85,33333333;91;68;55;71,33333333;45;39;38;40,66666667;39;1;3;4;3,5;4;10;5;;;7,9,27,28,29,34,37,41,44,50;3;7;neutral;0;0;neutral
90;11/01/2026 22:41;11/01/2026 22:49;0;100;433;1;-2,498;UK;anonymous;EN;1;5a4aaa1866e7880001de64be;2;weak;2weak;1;1;69;30;81;59;78;57;64,66666667;77;86;62;75;92;75;87;84,66666667;59;61;53;57,66666667;39;2;4;4;4;7;9;4;;C1BX5VF9;3,6,17,19,25,27,28,39,43,49;1;9;;0;1;weak
221;11/01/2026 23:16;11/01/2026 23:20;0;100;256;1;-2,4696;UK;anonymous;EN;1;59d949cf8fd07a000184247e;2;weak;2weak;1;1;40;10;80;55;40;55;50;100;100;100;100;95;100;85;93,33333333;45;70;50;55;41;2;1;2;1,5;7;10;4;none;C1BX5VF9;2,10,12,19,22,31,37,39,43,45;0;10;;0;1;weak
56;11/01/2026 22:34;11/01/2026 22:45;0;100;698;1;-2,4354;UK;anonymous;EN;1;669abbd715fcf110f94bba86;1;strong;1strong;1;1;88;55;65;100;100;100;100;100;100;100;100;100;100;100;100;40;39;39;39,33333333;57;2;6;6;6;4;9;4;Thought provoking study ;C1BX5VF9;6,9,11,17,26,27,31,36,39,49;2;8;;1;0;strong
217;11/01/2026 23:12;11/01/2026 23:18;0;100;377;1;-2,3765;UK;anonymous;EN;1;5a47473899311d0001df550e;3;neutral;3neutral;1;1;72;6;96;59;50;60;56,33333333;96;100;100;98,66666667;100;100;100;100;60;100;50;70;42;2;3;3;3;5;10;5;;;4,10,16,22,24,25,32,39,41,50;2;8;neutral;0;0;neutral
133;11/01/2026 22:46;11/01/2026 22:57;0;100;625;1;-2,3432;UK;anonymous;EN;1;6432a8996a0f7febd29bc312;2;weak;2weak;1;1;90;20;80;0;100;100;66,66666667;100;100;100;100;100;100;75;91,66666667;50;70;70;63,33333333;57;1;2;6;4;7;10;3;I think that there are very few countries, which would statrt a war, where you would be able to be a neutral balanced journalist, i.e. Russia.;C1BX5VF9;2,4,8,17,19,30,37,44,48,50;2;8;;0;1;weak
226;11/01/2026 23:15;11/01/2026 23:23;0;100;443;1;-2,3307;UK;anonymous;EN;1;5c60501d767686000100150c;1;strong;1strong;1;1;8;29;54;91;68;78;79;100;61;73;78;92;65;77;78;50;53;47;50;58;2;5;6;5,5;4;10;5;;;9,14,16,19,23,30,33,34,36,38;2;8;;1;0;strong
27;11/01/2026 22:34;11/01/2026 22:42;0;100;510;1;-2,2433;UK;anonymous;EN;1;5edeea354d54cb1a825aa8f9;3;neutral;3neutral;1;1;100;50;70;100;95;100;98,33333333;90;90;100;93,33333333;100;100;95;98,33333333;0;25;0;8,333333333;48;1;4;4;4;8;10;5;;C1BX5VF9;3,8,9,11,16,20,22,29,30,37;2;8;neutral;0;0;neutral
39;11/01/2026 22:40;11/01/2026 22:43;0;100;228;1;-2,2305;UK;anonymous;EN;1;67608de4fceae0cbc0d24e27;3;neutral;3neutral;1;1;80;38;70;91;74;79;81,33333333;77;62;65;68;91;81;93;88,33333333;57;65;73;65;23;2;1;1;1;7;9;3;;;3,12,15,18,23,31,39,42,44,50;1;9;neutral;0;0;neutral
279;11/01/2026 23:50;12/01/2026 00:01;0;100;657;1;-2,2274;UK;anonymous;EN;1;5c7ea15cb215c6000122b48d;3;neutral;3neutral;1;1;85;75;90;20;30;75;41,66666667;100;100;100;100;100;100;90;96,66666667;90;80;90;86,66666667;27;1;1;2;1,5;4;8;3;;;1,6,8,10,16,23,30,36,39,46;3;7;neutral;0;0;neutral
72;11/01/2026 22:36;11/01/2026 22:47;0;100;667;1;-2,2043;UK;anonymous;EN;1;5eddaa6d115bb4ac7e59f153;2;weak;2weak;1;1;45;20;85;90;95;70;85;100;85;100;95;91;88;93;90,66666667;55;30;40;41,66666667;34;2;3;3;3;5;8;3;;;4,16,22,31,34,35,38,45,47,49;2;8;;0;1;weak
92;11/01/2026 22:40;11/01/2026 22:49;0;100;558;1;-2,1808;UK;anonymous;EN;1;671038fb26ff82aa6081d040;3;neutral;3neutral;1;1;92;45;55;95;99;95;96,33333333;97;97;98;97,33333333;91;92;93;92;50;50;50;50;56;1;5;5;5;3;9;2;;C1BX5VF9;3,4,10,13,14,23,28,31,41,42;3;7;neutral;0;0;neutral
206;11/01/2026 23:05;11/01/2026 23:13;0;100;449;1;-2,1797;UK;anonymous;EN;1;63d13c9a4c0601c55747e64c;1;strong;1strong;1;1;86;61;26;100;100;100;100;100;71;100;90,33333333;100;100;89;96,33333333;79;100;17;65,33333333;34;2;4;2;3;7;14;5;;;3,4,5,9,27,31,39,41,45,49;1;9;;1;0;strong
121;11/01/2026 22:44;11/01/2026 22:54;0;100;606;1;-2,1725;UK;anonymous;EN;1;597a2ec999bd880001771cb3;2;weak;2weak;1;1;60;27;50;71;50;61;60,66666667;84;83;100;89;86;77;86;83;51;45;62;52,66666667;48;2;4;4;4;5;9;5;;;1,4,5,16,22,28,37,41,42,49;2;8;;0;1;weak
190;11/01/2026 23:03;11/01/2026 23:08;0;100;306;1;-2,1522;UK;anonymous;EN;1;63cd461c5f597e27b2a054fb;1;strong;1strong;1;1;80;67;33;33;75;33;47;85;85;85;85;90;80;75;81,66666667;60;66;66;64;57;2;5;6;5,5;7;9;4;;;11,15,16,20,21,33,35,37,40,44;10;0;;1;0;strong
87;11/01/2026 22:44;11/01/2026 22:48;0;100;287;1;-2,1259;UK;anonymous;EN;1;5e9b60ab511e7a0650994050;3;neutral;3neutral;1;1;80;50;50;100;100;100;100;100;100;100;100;100;90;95;95;15;0;0;5;47;1;4;4;4;4;9;4;;;1,11,19,26,30,34,36,39,42,43;4;6;neutral;0;0;neutral
238;11/01/2026 23:24;11/01/2026 23:28;0;100;262;1;-2,1126;UK;anonymous;EN;1;5b905d5d2f789f00011c4cc2;1;strong;1strong;1;1;79;57;66;71;91;100;87,33333333;80;71;100;83,66666667;100;84;100;94,66666667;60;21;37;39,33333333;36;2;2;3;2,5;7;10;4;;C1BX5VF9;4,13,20,22,25,28,31,47,48,49;3;7;;1;0;strong
212;11/01/2026 23:10;11/01/2026 23:16;0;100;367;1;-2,0895;UK;anonymous;EN;1;5827634ea80bf4000199994b;1;strong;1strong;1;1;96;67;100;100;100;100;100;100;96;86;94;100;87;100;95,66666667;50;8;6;21,33333333;68;2;1;2;1,5;8;8;5;None, but good luck with your research ;;4,5,7,13,14,35,37,39,40,45;2;8;;1;0;strong
244;11/01/2026 23:22;11/01/2026 23:30;0;100;431;1;-2,0895;UK;anonymous;EN;1;5c02e332efea06000188b478;1;strong;1strong;1;1;80;77;6;100;85;85;90;80;76;100;85,33333333;100;100;90;96,66666667;70;70;25;55;27;2;1;2;1,5;7;8;3;;thank u;3,6,13,14,21,29,31,36,43,50;4;6;;1;0;strong
29;11/01/2026 22:34;11/01/2026 22:43;0;100;534;1;-2,0169;UK;anonymous;EN;1;673b7de4a2e905d7e456db70;3;neutral;3neutral;1;1;70;40;60;100;80;90;90;100;100;100;100;100;100;100;100;75;20;20;38,33333333;26;2;2;2;2;4;8;3;This study made me think about the victims and how sad it was. I tried to select a range of different people, ages, and stories to represent both sides of the conflict.;Thank you;5,9,12,17,21,27,30,45,47,48;4;6;neutral;0;0;neutral
192;11/01/2026 23:01;11/01/2026 23:09;0;100;492;1;-2,0033;UK;anonymous;EN;1;5ef8bf948a48ac03adaad640;3;neutral;3neutral;1;2;84;50;72;89;97;92;92,66666667;83;92;87;87,33333333;99;91;72;87,33333333;33;64;54;50,33333333;46;2;5;5;5;7;9;4;;C1BX5VF9;2,4,5,6,11,12,16,23,36,49;2;8;neutral;0;0;neutral
252;11/01/2026 23:23;11/01/2026 23:33;0;100;610;1;-1,9883;UK;anonymous;EN;1;5cf510ccb0bafb00161ffd56;3;neutral;3neutral;1;1;63;29;87;74;90;79;81;60;93;53;68,66666667;65;82;69;72;41;41;60;47,33333333;27;2;2;1;1,5;4;8;3;N/a;;19,22,25,27,28,30,35,39,48,50;3;7;neutral;0;0;neutral
173;11/01/2026 22:59;11/01/2026 23:04;0;100;280;1;-1,9611;UK;anonymous;EN;1;696008a847480bda401c04a6;3;neutral;3neutral;1;2;74;50;38;100;100;100;100;100;100;100;100;100;100;100;100;100;100;50;83,33333333;37;1;4;4;4;8;14;5;Thanks no comments;;7,13,15,16,24,27,32,34,38,46;2;8;neutral;0;0;neutral
50;11/01/2026 22:36;11/01/2026 22:45;0;100;531;1;-1,8785;UK;anonymous;EN;1;5c5948299adbca0001ce9fd1;3;neutral;3neutral;1;1;40;30;50;100;100;75;91,66666667;74;100;85;86,33333333;100;95;100;98,33333333;50;50;50;50;77;2;5;4;4,5;8;14;5;;C1BX5VF9;4,8,15,16,21,25,31,39,43,44;2;8;neutral;0;0;neutral
271;11/01/2026 23:40;11/01/2026 23:48;0;100;476;1;-1,8708;UK;anonymous;EN;1;67606663e5ad15d60ffeb222;1;strong;1strong;1;1;86;30;33;32;73;62;55,66666667;100;93;94;95,66666667;94;100;100;98;36;42;30;36;29;2;2;3;2,5;7;9;4;;C1BX5VF9;2,9,16,19,28,31,32,37,38,47;1;9;;1;0;strong
182;11/01/2026 23:01;11/01/2026 23:06;0;100;294;1;-1,8141;UK;anonymous;EN;1;665ee374604d2c5d4d858efd;1;strong;1strong;1;1;100;100;100;100;100;100;100;100;100;85;95;100;89;100;96,33333333;50;50;0;33,33333333;32;2;6;5;5,5;7;10;5;;;4,5,9,17,26,33,37,40,46,48;3;7;;1;0;strong
177;11/01/2026 23:00;11/01/2026 23:05;0;100;296;1;-1,7841;UK;anonymous;EN;1;5de25e3fce20cd28846a7d5b;1;strong;1strong;1;1;94;65;65;92;95;66;84,33333333;98;91;100;96,33333333;98;95;84;92,33333333;70;60;70;66,66666667;53;1;3;4;3,5;8;10;4;;;2,5,17,21,23,28,33,34,38,46;5;5;;1;0;strong
148;11/01/2026 22:52;11/01/2026 22:59;0;100;408;1;-1,7812;UK;anonymous;EN;1;670c17df0a4788241bf1835c;3;neutral;3neutral;1;1;98;29;88;100;100;99;99,66666667;37;88;23;49,33333333;94;99;100;97,66666667;87;98;36;73,66666667;64;1;4;5;4,5;4;8;4;Good interesting study;;2,3,18,20,23,28,32,39,44,50;0;10;neutral;0;0;neutral
241;11/01/2026 23:25;11/01/2026 23:29;0;100;266;1;-1,7776;UK;anonymous;EN;1;5b68c9eb87af310001584803;2;weak;2weak;1;1;92;1;83;88;91;97;92;78;84;90;84;86;83;92;87;61;59;59;59,66666667;29;1;2;1;1,5;7;9;4;none;C1BX5VF9;2,4,11,13,17,32,35,38,41,44;2;8;;0;1;weak
115;11/01/2026 22:49;11/01/2026 22:53;0;100;269;1;-1,7767;UK;anonymous;EN;1;6150792b260ce6cdd47941c9;2;weak;2weak;1;1;71;13;87;100;100;100;100;100;100;100;100;100;99;100;99,66666667;1;7;1;3;54;1;3;4;3,5;7;10;5;;C1BX5VF9;7,10,17,18,31,39,40,41,45,46;2;8;;0;1;weak
257;11/01/2026 23:23;11/01/2026 23:35;0;100;706;1;-1,7429;UK;anonymous;EN;1;67665f7b0329bd3e30515ad2;2;weak;2weak;1;1;91;0;100;72;100;75;82,33333333;100;76;75;83,66666667;100;100;100;100;80;100;100;93,33333333;35;1;2;7;4,5;8;14;5;;C1BX5VF9;7,13,16,17,20,23,25,35,40,45;0;10;;0;1;weak
180;11/01/2026 22:59;11/01/2026 23:06;0;100;449;1;-1,7204;UK;anonymous;EN;1;671d3690dc5df6d004cfb65e;3;neutral;3neutral;1;1;89;25;25;89;77;62;76;84;82;88;84,66666667;80;65;98;81;40;40;50;43,33333333;33;1;3;5;4;8;10;5;No other comments;C1BX5VF9;6,12,14,15,17,20,30,38,44,46;4;6;neutral;0;0;neutral
20;11/01/2026 22:36;11/01/2026 22:42;0;100;326;1;-1,6897;UK;anonymous;EN;1;6659fa0eb4d2041c2fe81f61;3;neutral;3neutral;1;1;85;34;14;71;70;74;71,66666667;83;100;100;94,33333333;100;100;100;100;50;50;40;46,66666667;36;1;3;5;4;7;9;4;;C1BX5VF9;2,8,9,11,14,30,32,35,39,44;5;5;neutral;0;0;neutral
155;11/01/2026 22:53;11/01/2026 23:01;0;100;487;1;-1,668;UK;anonymous;EN;1;672d2414dc5c6702824dbba4;1;strong;1strong;1;1;75;50;50;80;100;85;88,33333333;50;75;75;66,66666667;100;100;100;100;50;19;19;29,33333333;33;2;4;5;4,5;5;14;4;;C1BX5VF9;9,12,13,17,25,26,38,40,46,49;3;7;;1;0;strong
43;11/01/2026 22:33;11/01/2026 22:44;0;100;637;1;-1,6655;UK;anonymous;EN;1;5b0710e7a84dcf0001beee8a;3;neutral;3neutral;1;1;61;50;50;91;100;100;97;100;100;100;100;100;66;50;72;0;0;0;0;58;2;6;5;5,5;7;9;4;none;C1BX5VF9;1,7,22,24,30,35,36,38,39,47;5;5;neutral;0;0;neutral
120;11/01/2026 22:47;11/01/2026 22:54;0;100;397;1;-1,5499;UK;anonymous;EN;1;5f47d8f1e974b12169221876;1;strong;1strong;1;2;33;40;34;81;80;81;80,66666667;82;81;81;81,33333333;84;81;84;83;23;19;19;20,33333333;34;2;2;2;2;7;10;5;;C1BX5VF9;4,13,14,17,21,24,37,40,43,45;2;8;;1;0;strong
259;11/01/2026 23:24;11/01/2026 23:35;0;100;644;1;-1,5499;UK;anonymous;EN;1;5b421b9ac2e3810001763252;2;weak;2weak;1;1;75;14;88;74;88;82;81,33333333;93;85;80;86;90;87;92;89,66666667;65;61;62;62,66666667;38;2;2;5;3,5;7;8;2;;C1BX5VF9;1,2,16,30,32,37,39,41,43,45;2;8;;0;1;weak
108;11/01/2026 22:42;11/01/2026 22:52;0;100;608;1;-1,5336;UK;anonymous;EN;1;5d2f85f28e588a0019164d77;1;strong;1strong;1;1;80;70;70;100;100;100;100;100;100;65;88,33333333;100;100;100;100;50;100;50;66,66666667;65;2;4;4;4;5;9;5;Very interesting and thought provoking;C1BX5VF9;10,14,15,16,18,19,28,33,35,36;2;8;;1;0;strong
196;11/01/2026 23:03;11/01/2026 23:10;0;100;440;1;-1,5336;UK;anonymous;EN;1;604541676af7216614098dde;2;weak;2weak;1;1;50;50;50;90;90;90;90;90;90;85;88,33333333;90;92;85;89;85;85;85;85;43;1;3;4;3,5;6;9;4;;C1BX5VF9;17,20,28,32,35,36,41,45,49,50;2;8;;0;1;weak
208;11/01/2026 23:09;11/01/2026 23:14;0;100;312;1;-1,5336;UK;anonymous;EN;1;5a94f57289de8200013ecbc8;3;neutral;3neutral;1;1;68;50;50;85;88;86;86,33333333;50;65;69;61,33333333;60;67;50;59;62;68;68;66;51;2;4;4;4;4;10;4;;;1,3,4,7,8,21,24,30,32,48;1;9;neutral;0;0;neutral
169;11/01/2026 22:53;11/01/2026 23:03;0;100;622;1;-1,4907;UK;anonymous;EN;1;5f1ef6cd5391ec0638385f38;2;weak;2weak;1;1;80;30;90;80;70;60;70;90;100;100;96,66666667;100;100;100;100;70;70;70;70;41;2;2;2;2;9;8;3;;;1,2,4,18,21,37,39,43,46,49;1;9;;0;1;weak
131;11/01/2026 22:49;11/01/2026 22:56;0;100;458;1;-1,4903;UK;anonymous;EN;1;5ef1bb10c673fd7d2d14e439;2;weak;2weak;1;1;100;40;90;40;40;30;36,66666667;100;100;100;100;100;100;100;100;80;15;10;35;43;2;2;3;2,5;8;14;5;;C1BX5VF9;5,9,12,18,29,30,37,46,47,50;2;8;;0;1;weak
178;11/01/2026 22:50;11/01/2026 23:06;0;100;943;1;-1,4628;UK;anonymous;EN;1;6776aeb40a89a990a3cd56ab;1;strong;1strong;1;1;80;60;70;100;90;21;70,33333333;100;100;100;100;100;80;79;86,33333333;30;2;20;17,33333333;37;1;1;1;1;8;9;4;I based the number of people to be interviewed on each side to represent the wieghting on deacth numbers on each side of the conflicy as this statistically represented those affected most.;;1,5,8,13,15,21,23,24,26,41;2;8;;1;0;strong
145;11/01/2026 22:52;11/01/2026 22:59;0;100;428;1;-1,4522;UK;anonymous;EN;1;66bcce7233ce3b6b5aaecd5e;2;weak;2weak;1;1;100;0;100;100;100;100;100;100;100;100;100;100;100;100;100;50;50;0;33,33333333;55;2;7;7;7;4;9;2;;;6,8,12,13,17,18,35,44,45,48;0;10;;0;1;weak
215;11/01/2026 23:11;11/01/2026 23:17;0;100;376;1;-1,413;UK;anonymous;EN;1;66cc6eb364154a51d4d44eb1;3;neutral;3neutral;1;1;70;95;20;90;100;85;91,66666667;60;80;50;63,33333333;100;60;70;76,66666667;50;50;50;50;52;1;5;6;5,5;7;8;3;;C1BX5VF9;9,13,17,34,38,39,41,44,47,48;5;5;neutral;0;0;neutral
231;11/01/2026 23:05;11/01/2026 23:25;0;100;1188;1;-1,413;UK;anonymous;EN;1;67d43f5c7253c147df75e9e5;2;weak;2weak;1;1;87;61;90;95;100;100;98,33333333;94;96;94;94,66666667;97;92;94;94,33333333;7;7;6;6,666666667;32;1;6;6;6;9;10;4;NA;;9,12,17,19,20,35,40,43,47,49;1;9;;0;1;weak
163;11/01/2026 22:53;11/01/2026 23:02;0;100;565;1;-1,3533;UK;anonymous;EN;1;5ce45c591bf7c90001505825;1;strong;1strong;1;1;70;70;80;50;90;30;56,66666667;90;70;90;83,33333333;100;50;90;80;40;50;40;43,33333333;41;1;4;4;4;7;10;5;Thought provoking;;7,11,13,15,19,30,31,34,39,43;3;7;;1;0;strong
4;11/01/2026 22:33;11/01/2026 22:38;0;100;316;1;-1,316;UK;anonymous;EN;1;5a8ad2082a842c0001fce0f2;1;strong;1strong;1;1;68;72;39;68;69;66;67,66666667;65;70;76;70,33333333;76;47;72;65;57;56;55;56;29;1;6;7;6,5;7;10;5;;C1BX5VF9;1,11,15,24,26,29,31,33,41,45;8;2;;1;0;strong
67;11/01/2026 22:35;11/01/2026 22:46;0;100;685;1;-1,2714;UK;anonymous;EN;1;60e946b21766932f648d56e0;1;strong;1strong;1;1;90;60;80;100;100;90;96,66666667;90;100;90;93,33333333;90;100;85;91,66666667;35;20;30;28,33333333;29;1;3;4;3,5;4;8;2;I found the study interesting, I really thought about how I would report on the conflict if I was a real journalist, and while the conflict was fictional, I felt a connection to some of the people and it made me a little sad that in real conflicts the descriptions of people used in this study could easily be attributed to real people in conflicts around the world. ;received the completion code.;2,4,8,10,14,15,22,37,44,46;2;8;;1;0;strong
256;11/01/2026 23:28;11/01/2026 23:34;0;100;372;1;-1,2406;UK;anonymous;EN;1;666bf1b39a86d62453090531;2;weak;2weak;1;1;30;30;92;69;100;22;63,66666667;100;100;99;99,66666667;100;100;100;100;50;50;51;50,33333333;53;2;3;6;4,5;9;10;4;;C1BX5VF9;4,5,6,8,9,11,18,19,37,40;9;1;;0;1;weak
17;11/01/2026 22:35;11/01/2026 22:41;0;100;375;1;-1,2336;UK;anonymous;EN;1;5f6f2da91b5cc64887afd65d;2;weak;2weak;1;1;40;20;60;70;90;50;70;90;100;100;96,66666667;90;90;100;93,33333333;50;60;55;55;60;1;2;3;2,5;7;10;4;;C1BX5VF9;13,18,22,24,25,30,33,36,38,40;2;8;;0;1;weak
64;11/01/2026 22:35;11/01/2026 22:46;0;100;628;1;-1,1808;UK;anonymous;EN;1;6786682cfe5424ad10237085;2;weak;2weak;1;1;90;20;100;100;100;100;100;100;95;90;95;100;100;100;100;95;90;100;95;65;1;3;3;3;5;8;3;;C1BX5VF9;7,13,16,18,20,26,38,40,48,50;0;10;;0;1;weak
81;11/01/2026 22:39;11/01/2026 22:48;0;100;505;1;-1,1808;UK;anonymous;EN;1;5d24e1153e29d00001b3b9b1;2;weak;2weak;1;1;88;29;83;37;58;49;48;96;77;85;86;80;88;89;85,66666667;50;50;62;54;39;2;2;2;2;7;9;3;;;7,8,14,15,21,23,24,29,35,44;1;9;;0;1;weak
253;11/01/2026 23:27;11/01/2026 23:33;0;100;406;1;-1,1804;UK;anonymous;EN;1;6658b2feaab263fcab6c8e35;2;weak;2weak;1;1;69;9;92;75;77;79;77;71;70;77;72,66666667;100;59;86;81,66666667;50;50;50;50;35;2;4;5;4,5;7;10;5;;;2,13,18,20,30,33,34,41,42,46;0;10;;0;1;weak
128;11/01/2026 22:50;11/01/2026 22:55;0;100;314;1;-1,1571;UK;anonymous;EN;1;5d301a7c9f79cb001cdcbc91;3;neutral;3neutral;1;1;36;12;83;92;75;91;86;100;75;92;89;73;98;79;83,33333333;23;14;15;17,33333333;46;1;4;4;4;7;1;1;;C1BX5VF9;2,4,8,11,12,18,21,27,32,47;3;7;neutral;0;0;neutral
86;11/01/2026 22:33;11/01/2026 22:48;0;100;916;1;-1,147;UK;anonymous;EN;1;654e381b51d046449fdfdd6e;3;neutral;3neutral;1;1;90;15;85;65;100;75;80;100;100;85;95;85;100;100;95;25;25;25;25;30;1;4;4;4;7;10;4;Thankyou for this study, it was interesting and engaging.;654e381b51d046449fdfdd6e;1,4,15,17,26,30,35,37,44,50;3;7;neutral;0;0;neutral
45;11/01/2026 22:33;11/01/2026 22:44;0;100;664;1;-1,0664;UK;anonymous;EN;1;62a2548381f399e5f4f52746;1;strong;1strong;1;1;35;30;71;90;100;91;93,66666667;100;100;50;83,33333333;50;89;100;79,66666667;50;50;26;42;52;1;3;5;4;7;10;5;;C1BX5VF9;6,17,18,20,34,35,40,41,45,48;2;8;;1;0;strong
93;11/01/2026 22:41;11/01/2026 22:50;0;100;513;1;-1,0528;UK;anonymous;EN;1;5b90635a877eab0001d7ba9e;2;weak;2weak;1;1;86;18;72;56;90;61;69;93;92;83;89,33333333;93;85;88;88,66666667;73;69;50;64;38;1;5;5;5;7;14;6;Na;C1BX5VF9;3,8,13,24,25,31,37,44,45,47;3;7;;0;1;weak
76;11/01/2026 22:39;11/01/2026 22:47;0;100;504;1;-1,0097;UK;anonymous;EN;1;5eb59589076e4745250148ed;3;neutral;3neutral;1;1;95;65;24;96;92;95;94,33333333;96;99;100;98,33333333;100;90;100;96,66666667;58;99;50;69;58;1;5;5;5;8;14;6;;;8,14,16,20,25,28,30,35,36,37;3;7;neutral;0;0;neutral
9;11/01/2026 22:33;11/01/2026 22:40;0;100;416;1;-0,7478;UK;anonymous;EN;1;5ef08aa7177a735c78ffbf40;2;weak;2weak;1;1;43;3;97;57;100;35;64;93;100;100;97,66666667;75;90;70;78,33333333;61;47;41;49,66666667;24;1;2;4;3;7;8;2;;;5,7,10,21,22,32,33,36,39,44;0;10;;0;1;weak
156;11/01/2026 22:54;11/01/2026 23:01;0;100;437;1;-0,7478;UK;anonymous;EN;1;61435b26170aa14747574253;2;weak;2weak;1;1;60;40;70;40;60;55;51,66666667;70;55;70;65;80;65;55;66,66666667;60;60;60;60;32;1;4;4;4;4;10;5;;C1BX5VF9;3,4,11,16,24,27,30,46,47,48;0;10;;0;1;weak
7;11/01/2026 22:33;11/01/2026 22:39;0;100;344;1;-0,6942;UK;anonymous;EN;1;613dd5fb512aabe8d5d32393 ;2;weak;2weak;1;1;73;12;65;91;100;92;94,33333333;92;51;68;70,33333333;93;93;100;95,33333333;55;52;52;53;35;2;4;4;4;5;2;2;;;5,6,14,20,24,33,35,39,40,47;1;9;;0;1;weak
216;11/01/2026 23:10;11/01/2026 23:17;0;100;411;1;-0,6131;UK;anonymous;EN;1;6762a3b3facb1cecd8b9fef0;2;weak;2weak;1;1;78;50;50;100;100;100;100;100;100;100;100;100;100;100;100;40;0;0;13,33333333;40;2;2;2;2;8;14;4;;C1BX5VF9;6,12,15,17,24,26,27,30,44,49;5;5;;0;1;weak
99;11/01/2026 22:47;11/01/2026 22:50;0;100;223;1;-0,5372;UK;anonymous;EN;1;59d3b07947f4e80001a6c551;3;neutral;3neutral;1;1;74;50;50;87;92;100;93;88;86;89;87,66666667;100;87;94;93,66666667;38;50;31;39,66666667;53;2;3;3;3;4;9;4;;;7,8,17,19,22,29,36,37,41,49;5;5;neutral;0;0;neutral
214;11/01/2026 23:08;11/01/2026 23:17;0;100;506;1;-0,4568;UK;anonymous;EN;1;637fc8f7ff4dc88182c681ed;2;weak;2weak;1;1;0;0;0;83;100;84;89;0;84;0;28;82;10;80;57,33333333;100;50;20;56,66666667;40;1;2;2;2;7;9;2;;;3,6,11,19,29,37,40,41,43,50;3;7;;0;1;weak
134;11/01/2026 22:46;11/01/2026 22:57;0;100;636;1;-0,4512;UK;anonymous;EN;1;5fb4f7b816ba5b1868ac6bd2;2;weak;2weak;1;1;68;54;67;100;100;100;100;100;100;100;100;100;100;100;100;90;89;100;93;61;1;3;4;3,5;9;10;4;;;1,8,16,21,23,27,30,34,49,50;3;7;;0;1;weak
222;11/01/2026 23:15;11/01/2026 23:21;0;100;354;1;-0,3893;UK;anonymous;EN;1;676acaa010ba72df3ec0d6fb;3;neutral;3neutral;1;1;60;64;72;45;35;34;38;72;78;77;75,66666667;88;80;82;83,33333333;60;55;27;47,33333333;31;1;5;5;5;8;9;5;;;6,10,12,21,23,31,40,47,48,50;2;8;neutral;0;0;neutral
267;11/01/2026 23:33;11/01/2026 23:42;0;100;539;1;-0,3893;UK;anonymous;EN;1;67f7f883cb3cd4c0f5177411;3;neutral;3neutral;1;1;92;16;93;85;21;89;65;90;85;89;88;99;89;95;94,33333333;28;26;70;41,33333333;52;1;5;5;5;7;9;4;;C1BX5VF9;8,10,12,13,20,21,31,34,37,50;0;10;neutral;0;0;neutral
211;11/01/2026 23:12;11/01/2026 23:16;0;100;259;1;-0,3734;UK;anonymous;EN;1;5d3b561f161b8c0001524379@email.prolific.com;1;strong;1strong;1;1;91;71;71;92;83;96;90,33333333;90;84;81;85;99;99;100;99,33333333;70;84;50;68;50;2;3;4;3,5;4;9;4;;C1BX5VF9;1,7,15,21,24,26,27,36,40,44;2;8;;1;0;strong
97;11/01/2026 22:44;11/01/2026 22:50;0;100;383;1;-0,3664;UK;anonymous;EN;1;56f699e876348f000c883bba;1;strong;1strong;1;1;80;84;33;100;100;100;100;100;100;100;100;100;100;100;100;18;50;50;39,33333333;30;2;4;4;4;7;9;4;;C1BX5VF9;2,11,20,23,26,31,32,34,35,40;4;6;;1;0;strong
233;11/01/2026 23:12;11/01/2026 23:25;0;100;792;1;-0,3438;UK;anonymous;EN;1;5befe87caf38d100016bb45c;2;weak;2weak;1;1;92;1;100;89;91;92;90,66666667;100;100;100;100;100;100;80;93,33333333;100;100;100;100;47;2;3;3;3;7;8;3;;;1,14,16,17,21,23,35,36,37,50;0;10;;0;1;weak
227;11/01/2026 23:17;11/01/2026 23:23;0;100;350;1;-0,3306;UK;anonymous;EN;1;56e87c23eefcff000596f0c1;2;weak;2weak;1;1;61;10;91;80;75;40;65;100;100;100;100;100;90;100;96,66666667;50;60;85;65;58;2;3;5;4;7;9;2;;;3,4,17,21,31,33,36,42,45,46;1;9;;0;1;weak
262;11/01/2026 23:32;11/01/2026 23:37;0;100;267;1;-0,3289;UK;anonymous;EN;1;6761a6d6c52de857e31298a1;3;neutral;3neutral;1;3;50;50;50;100;100;100;100;100;100;100;100;100;100;100;100;8;3;0;3,666666667;39;2;4;4;4;6;8;3;;;1,3,4,5,18,22,25,26,39,43;6;4;neutral;0;0;neutral
235;11/01/2026 23:18;11/01/2026 23:26;0;100;494;1;-0,2167;UK;anonymous;EN;1;5e66af6f70f23a07c791f77d;1;strong;1strong;1;1;23;50;22;35;90;64;63;64;72;95;77;73;63;69;68,33333333;57;67;50;58;33;1;5;5;5;7;8;3;;;3,9,11,13,15,18,19,32,34,43;5;5;;1;0;strong
123;11/01/2026 22:49;11/01/2026 22:54;0;100;318;1;-0,1699;UK;anonymous;EN;1;5f6e71ea9dd5cb3b2bdb45b6;3;neutral;3neutral;1;1;34;50;37;100;100;100;100;75;75;50;66,66666667;77;25;50;50,66666667;0;0;0;0;39;1;6;6;6;4;8;3;;C1BX5VF9;4,10,12,21,25,27,29,31,45,50;5;5;neutral;0;0;neutral
197;11/01/2026 23:00;11/01/2026 23:11;0;100;662;1;-0,1342;UK;anonymous;EN;1;66d045a6b838b2a1ff99653a;3;neutral;3neutral;1;1;95;30;80;85;100;85;90;100;90;85;91,66666667;75;65;85;75;80;65;55;66,66666667;47;2;3;4;3,5;5;10;4;;;1,6,13,14,15,30,41,43,47,48;1;9;neutral;0;0;neutral
157;11/01/2026 22:54;11/01/2026 23:01;0;100;437;1;-0,1278;UK;anonymous;EN;1;5bee61601f9cac000173723d;1;strong;1strong;1;1;59;39;58;67;64;76;69;45;75;63;61;67;59;78;68;52;61;59;57,33333333;37;2;3;3;3;7;10;5;;;3,6,14,19,20,32,38,43,45,50;4;6;;1;0;strong
261;11/01/2026 23:21;11/01/2026 23:36;0;100;879;1;-0,1278;UK;anonymous;EN;1;67529d0aecb73bfe140d521f;1;strong;1strong;1;1;76;50;62;85;78;87;83,33333333;92;83;82;85,66666667;89;82;80;83,66666667;82;85;30;65,66666667;31;1;5;4;4,5;7;9;4;;;5,6,22,24,25,29,30,34,40,42;7;3;;1;0;strong
162;11/01/2026 22:53;11/01/2026 23:02;0;100;492;1;-0,1224;UK;anonymous;EN;1;63e5665b49cf3cdbd54ea57b;3;neutral;3neutral;1;1;90;90;90;85;90;100;91,66666667;90;100;70;86,66666667;100;100;68;89,33333333;57;79;19;51,66666667;54;2;4;4;4;3;9;4;;;6,9,16,17,21,23,32,39,45,50;4;6;neutral;0;0;neutral
205;11/01/2026 23:03;11/01/2026 23:13;0;100;557;1;-0,1224;UK;anonymous;EN;1;67d411652ada0a7584b2558e;3;neutral;3neutral;1;1;62;56;63;100;95;100;98,33333333;62;85;66;71;100;93;28;73,66666667;0;62;0;20,66666667;32;1;6;6;6;8;10;5;Nice study;;5,18,21,22,28,32,36,37,39,48;3;7;neutral;0;0;neutral
207;11/01/2026 22:58;11/01/2026 23:13;0;100;886;1;-0,1224;UK;anonymous;EN;1;62b74ec256808d84b3e691d6;2;weak;2weak;1;1;95;40;60;70;100;80;83,33333333;100;100;100;100;100;90;75;88,33333333;10;20;20;16,66666667;44;1;3;4;3,5;9;10;3;I tried to select people across the whole area, representing a range of ages, and in the same proportions as the total number of victims from each side;;1,4,8,12,14,21,24,29,31,35;4;6;;0;1;weak
245;11/01/2026 23:28;11/01/2026 23:30;0;100;93;1;-0,1224;UK;anonymous;EN;1;6760799c5c7e5d977eb5a274;1;strong;1strong;1;2;27;66;25;27;70;64;53,66666667;31;68;32;43,66666667;67;32;36;45;71;30;54;51,66666667;31;1;2;3;2,5;5;10;4;;C1BX5VF9;7,11,12,14,15,22,23,27,41,47;1;9;;1;0;strong
8;11/01/2026 22:34;11/01/2026 22:40;0;100;362;1;-0,1168;UK;anonymous;EN;1;67e2a624e55987ea03570bc1;2;weak;2weak;1;1;91;11;75;100;100;100;100;100;100;100;100;100;100;80;93,33333333;100;100;100;100;24;1;2;6;4;8;10;4;;C1BX5VF9;5,6,17,21,23,28,31,36,38,43;3;7;;0;1;weak
109;11/01/2026 22:46;11/01/2026 22:52;0;100;366;1;-0,0996;UK;anonymous;EN;1;676ed6c97f59dba5a786886d;3;neutral;3neutral;1;1;79;85;89;75;86;76;79;94;94;100;96;100;95;89;94,66666667;17;17;17;17;43;1;3;3;3;8;10;5;;;1,3,10,13,14,15,25,30,39,45;3;7;neutral;0;0;neutral
3;11/01/2026 22:33;11/01/2026 22:38;0;100;284;1;-0,093;UK;anonymous;EN;1;660a6b953836d16312814993;2;weak;2weak;1;1;87;16;81;60;80;84;74,66666667;87;62;84;77,66666667;83;90;38;70,33333333;52;22;39;37,66666667;33;1;3;5;4;7;9;2;;;2,12,21,25,29,34,37,40,42,44;3;7;;0;1;weak
74;11/01/2026 22:34;11/01/2026 22:47;0;100;800;1;-0,093;UK;anonymous;EN;1;5c38eceddba9870001a30e39;3;neutral;3neutral;1;1;29;60;40;55;81;74;70;82;72;76;76,66666667;82;71;78;77;50;56;55;53,66666667;73;2;6;6;6;3;8;3;;C1BX5VF9;1,11,15,18,19,22,28,33,38,46;5;5;neutral;0;0;neutral
104;11/01/2026 22:44;11/01/2026 22:51;0;100;429;1;-0,093;UK;anonymous;EN;1;682873b45f6f878f3e09f079;3;neutral;3neutral;1;1;91;51;60;97;69;67;77,66666667;95;89;90;91,33333333;98;91;89;92,66666667;74;91;74;79,66666667;55;2;5;5;5;5;10;5;;;6,10,15,18,23,27,31,32,42,46;4;6;neutral;0;0;neutral
125;11/01/2026 22:47;11/01/2026 22:55;0;100;479;1;-0,093;UK;anonymous;EN;1;59a7cfeb7ff2320001ec59d9;1;strong;1strong;1;1;66;64;18;81;82;83;82;82;80;80;80,66666667;84;78;89;83,66666667;69;57;68;64,66666667;56;2;6;6;6;7;9;4;;C1BX5VF9;2,7,32,35,37,41,45,46,48,49;3;7;;1;0;strong
164;11/01/2026 22:47;11/01/2026 23:02;0;100;899;1;-0,093;UK;anonymous;EN;1;67e95b4ce056cb97ac8a5c21;3;neutral;3neutral;1;1;90;20;70;91;84;72;82,33333333;92;91;94;92,33333333;96;89;91;92;23;14;10;15,66666667;30;1;4;4;4;7;10;5;; C1BX5VF9;1,4,5,7,8,10,23,33,40,49;2;8;neutral;0;0;neutral
193;11/01/2026 22:51;11/01/2026 23:09;0;100;1114;1;-0,093;UK;anonymous;EN;1;67ee50bbaa206db46d5e94c2;3;neutral;3neutral;1;1;100;50;70;100;100;100;100;100;80;100;93,33333333;50;100;50;66,66666667;50;0;0;16,66666667;53;2;6;5;5,5;7;9;4;;;1,2,8,16,19,22,28,31,34,44;4;6;neutral;0;0;neutral
203;11/01/2026 23:02;11/01/2026 23:12;0;100;643;1;-0,093;UK;anonymous;EN;1;67e2b6561ccb8f5bb055cc85;1;strong;1strong;1;1;50;50;50;93;92;95;93,33333333;95;92;94;93,66666667;87;83;89;86,33333333;94;91;31;72;28;2;4;2;3;8;9;4;;;9,14,15,21,32,34,35,36,39,46;6;4;;1;0;strong
167;11/01/2026 22:51;11/01/2026 23:03;0;100;731;1;-0,0765;UK;anonymous;EN;1;5d5eca9f97f8b6001aee9594;3;neutral;3neutral;1;1;80;35;65;85;90;91;88,66666667;92;96;95;94,33333333;94;56;97;82,33333333;50;21;18;29,66666667;52;2;3;3;3;8;10;4;;;1,5,7,9,15,27,35,38,44,47;3;7;neutral;0;0;neutral
65;11/01/2026 22:34;11/01/2026 22:46;0;100;752;1;-0,0738;UK;anonymous;EN;1;631610af8e747093cd90e00d;1;strong;1strong;1;1;20;50;50;90;91;91;90,66666667;96;100;100;98,66666667;100;100;100;100;10;50;30;30;41;2;1;1;1;4;2;2;;C1BX5VF9;1,16,19,25,29,34,37,42,45,48;2;8;;1;0;strong
42;11/01/2026 22:38;11/01/2026 22:44;0;100;327;1;-0,0417;UK;anonymous;EN;1;588a59813e1f290001aa78c1;2;weak;2weak;1;1;64;7;84;59;94;50;67,66666667;90;60;89;79,66666667;87;62;77;75,33333333;61;62;57;60;48;1;4;4;4;5;8;4;;;4,7,12,19,20,22,31,32,45,47;0;10;;0;1;weak
188;11/01/2026 22:53;11/01/2026 23:07;0;100;822;1;-0,0279;UK;anonymous;EN;1;6634e03793fb35bb701cb8ea;2;weak;2weak;1;1;67;71;84;91;90;84;88,33333333;89;96;67;84;86;92;73;83,66666667;52;51;51;51,33333333;34;2;3;2;2,5;6;2;2;i found this study very interesting and thought provoking ;;2,9,14,15,24,25,29,36,38,40;1;9;;0;1;weak
273;11/01/2026 23:46;11/01/2026 23:50;0;100;255;1;-0,0113;UK;anonymous;EN;1;66cb2e0bd2169db778550269;3;neutral;3neutral;1;1;88;50;50;92;86;90;89,33333333;87;58;80;75;89;74;50;71;35;32;32;33;25;1;4;4;4;7;8;5;N/A;C1BX5VF9;3,14,25,33,37,38,42,43,47,50;4;6;neutral;0;0;neutral
265;11/01/2026 23:34;11/01/2026 23:41;0;100;417;1;0,008;UK;anonymous;EN;1;67860bf26043d24d92ef0466;1;strong;1strong;1;1;54;26;26;100;100;100;100;80;67;91;79,33333333;68;75;70;71;38;49;33;40;46;2;4;4;4;7;9;3;;;6,7,9,12,33,35,43,45,46,47;3;7;;1;0;strong
151;11/01/2026 22:56;11/01/2026 23:00;0;100;259;1;0,0685;UK;anonymous;EN;1;5eca46c6c1e2c601290bab15;3;neutral;3neutral;1;1;80;20;20;90;60;90;80;100;100;100;100;100;90;100;96,66666667;50;54;55;53;61;1;4;4;4;7;8;3;;C1BX5VF9;3,8,14,20,22,30,33,35,37,43;6;4;neutral;0;0;neutral
46;11/01/2026 22:35;11/01/2026 22:44;0;100;545;1;0,082;UK;anonymous;EN;1;5e7fa0e918b10804bb87eb63;2;weak;2weak;1;2;92;9;100;20;90;10;40;90;90;81;87;97;77;82;85,33333333;90;90;96;92;53;1;4;4;4;7;10;5;;;2,8,16,18,23,30,31,36,37,48;0;10;;0;1;weak
246;11/01/2026 23:17;11/01/2026 23:30;0;100;780;1;0,454;UK;anonymous;EN;1;5c6df5298c5fd30001b83926;1;strong;1strong;1;1;100;100;0;100;100;100;100;64;100;49;71;100;51;100;83,66666667;26;26;48;33,33333333;31;2;4;4;4;9;10;1;;C1BX5VF9;3,4,5,7,26,30,33,41,42,44;1;9;;1;0;strong
281;11/01/2026 23:57;12/01/2026 00:03;0;100;366;1;0,4953;UK;anonymous;EN;1;5e9fd8c26fae5918240e617e;1;strong;1strong;1;1;91;50;80;100;100;100;100;100;100;100;100;100;100;100;100;73;25;23;40,33333333;84;1;5;5;5;8;8;2;;;42;0;1;;1;0;strong
175;11/01/2026 23:01;11/01/2026 23:05;0;100;234;1;0,7101;UK;anonymous;EN;1;63ea6bfdedfcb9164c21a4d9;2;weak;2weak;1;1;87;5;93;74;83;34;63,66666667;75;87;87;83;71;80;65;72;35;38;49;40,66666667;23;1;5;5;5;7;9;3;;;2,11,16,18,27,30,39,40,44,49;0;10;;0;1;weak
223;11/01/2026 23:15;11/01/2026 23:21;0;100;390;1;0,7558;UK;anonymous;EN;1;60eb11e45f3e9cb0ae58a090;2;weak;2weak;1;1;70;24;61;61;81;71;71;79;86;74;79,66666667;82;46;42;56,66666667;40;32;39;37;39;2;2;3;2,5;8;8;3;;;3,4,8,12,17,32,34,37,46,47;2;8;;0;1;weak
147;11/01/2026 22:51;11/01/2026 22:59;0;100;510;1;1,1208;UK;anonymous;EN;1;601fd27860b197531ca7bdcc;1;strong;1strong;1;1;90;100;70;100;95;94;96,33333333;100;91;100;97;100;100;100;100;25;72;70;55,66666667;37;1;6;6;6;8;8;3;Thank you for an engaging study. ;C1BX5VF9;3,15,20,30,37,38,39,40,46,47;3;7;;1;0;strong
11;11/01/2026 22:33;11/01/2026 22:40;0;100;435;1;1,1233;UK;anonymous;EN;1;615d4346d08006682817bf83;1;strong;1strong;1;1;29;65;36;50;63;50;54,33333333;83;74;82;79,66666667;90;87;92;89,66666667;54;39;50;47,66666667;46;2;3;4;3,5;8;10;5;;;13,18,20,23,24,28,32,39,44,49;4;6;;1;0;strong
291;12/01/2026 00:18;12/01/2026 00:26;0;100;459;1;1,2197;UK;anonymous;EN;1;5d7a1fce27fb8a000196993e;1;strong;1strong;1;1;100;59;23;100;100;100;100;100;100;100;100;100;100;96;98,66666667;25;33;25;27,66666667;49;1;2;3;2,5;7;10;4;;C1BX5VF9;9,20,22,23,25,27,35,40,46,48;3;7;;1;0;strong
144;11/01/2026 22:52;11/01/2026 22:59;0;100;430;1;1,3623;UK;anonymous;EN;1;615f097035d3a6a38238039b;1;strong;1strong;1;1;92;51;51;93;88;87;89,33333333;87;90;80;85,66666667;81;84;89;84,66666667;19;16;17;17,33333333;61;2;6;6;6;8;10;5;great study thank you for the participarion;C1BX5VF9;3,14,20,26,28,31,33,45,47,50;5;5;;1;0;strong
